tweet_id,timestamp,source,text,rating_numerator,rating_denominator,stage,favorite_count,retweet_count
890240255349198849,2017-07-26 15:59:51,"<a href=""http://twitter.com/download/iphone"" rel=""nofollow"">Twitter for iPhone</a>",This is Cassie. She is a college pup. Studying international doggo communication and stick theory. 14/10 so elegant much sophisticate https://t.co/t1bfwz5S2A,14,10,doggo,27823.0,6060.0
889665388333682689,2017-07-25 01:55:32,"<a href=""http://twitter.com/download/iphone"" rel=""nofollow"">Twitter for iPhone</a>",Here's a puppo that seems to be on the fence about something haha no but seriously someone help her. 13/10 https://t.co/BxvuXk0UCm,13,10,puppo,41828.0,8294.0
889531135344209921,2017-07-24 17:02:04,"<a href=""http://twitter.com/download/iphone"" rel=""nofollow"">Twitter for iPhone</a>",This is Stuart. He's sporting his favorite fanny pack. Secretly filled with bones only. 13/10 puppared puppo #BarkWeek https://t.co/y70o6h3isq,13,10,puppo,13295.0,1873.0
886366144734445568,2017-07-15 23:25:31,"<a href=""http://twitter.com/download/iphone"" rel=""nofollow"">Twitter for iPhone</a>",This is Roscoe. Another pupper fallen victim to spontaneous tongue ejections. Get the BlepiPen immediate. 12/10 deep breaths Roscoe https://t.co/RGE08MIJox,12,10,pupper,18458.0,2610.0
884162670584377345,2017-07-09 21:29:42,"<a href=""http://twitter.com/download/iphone"" rel=""nofollow"">Twitter for iPhone</a>",Meet Yogi. He doesn't have any important dog meetings today he just enjoys looking his best at all times. 12/10 for dangerously dapper doggo https://t.co/YSI00BzTBZ,12,10,doggo,17863.0,2493.0
883360690899218434,2017-07-07 16:22:55,"<a href=""http://twitter.com/download/iphone"" rel=""nofollow"">Twitter for iPhone</a>",Meet Grizzwald. He may be the floofiest floofer I ever did see. Lost eyes saving a schoolbus from a volcano erpuption. 13/10 heroic as h*ck https://t.co/rf661IFEYP,13,10,floofer,19851.0,3059.0
882762694511734784,2017-07-06 00:46:41,"<a href=""http://twitter.com/download/iphone"" rel=""nofollow"">Twitter for iPhone</a>",This is Gus. He's quite the cheeky pupper. Already perfected the disinterested wink. 12/10 would let steal my girl https://t.co/D43I96SlVu,12,10,pupper,24648.0,4071.0
881536004380872706,2017-07-02 15:32:16,"<a href=""http://twitter.com/download/iphone"" rel=""nofollow"">Twitter for iPhone</a>","Here is a pupper approaching maximum borkdrive. Zooming at never before seen speeds. 14/10 paw-inspiring af 
(IG: puffie_the_chow) https://t.co/ghXBIIeQZF",14,10,pupper,43243.0,13331.0
878776093423087618,2017-06-25 00:45:22,"<a href=""http://twitter.com/download/iphone"" rel=""nofollow"">Twitter for iPhone</a>",This is Snoopy. He's a proud #PrideMonthPuppo. Impeccable handwriting for not having thumbs. 13/10 would love back #PrideMonth https://t.co/lNZwgNO4gS,13,10,puppo,17075.0,3414.0
876838120628539392,2017-06-19 16:24:33,"<a href=""http://twitter.com/download/iphone"" rel=""nofollow"">Twitter for iPhone</a>",This is Ginger. She's having a ruff Monday. Too many pupper things going on. H*ckin exhausting. 12/10 would snug passionately https://t.co/j211oCDRs6,12,10,pupper,18141.0,2792.0
874296783580663808,2017-06-12 16:06:11,"<a href=""http://twitter.com/download/iphone"" rel=""nofollow"">Twitter for iPhone</a>",This is Jed. He may be the fanciest pupper in the game right now. Knows it too. 13/10 would sign modeling contract https://t.co/0YplNnSMEm,13,10,pupper,22859.0,3464.0
874012996292530176,2017-06-11 21:18:31,"<a href=""http://twitter.com/download/iphone"" rel=""nofollow"">Twitter for iPhone</a>","This is Sebastian. He can't see all the colors of the rainbow, but he can see that this flag makes his human happy. 13/10 #PrideMonth puppo https://t.co/XBE0evJZ6V",13,10,puppo,29994.0,8541.0
873213775632977920,2017-06-09 16:22:42,"<a href=""http://twitter.com/download/iphone"" rel=""nofollow"">Twitter for iPhone</a>","This is Sierra. She's one precious pupper. Absolute 12/10. Been in and out of ICU her whole life. Help Sierra below

https://t.co/Xp01EU3qyD https://t.co/V5lkvrGLdQ",12,10,pupper,6297.0,1324.0
872967104147763200,2017-06-09 00:02:31,"<a href=""http://twitter.com/download/iphone"" rel=""nofollow"">Twitter for iPhone</a>",Here's a very large dog. He has a date later. Politely asked this water person to check if his breath is bad. 12/10 good to go doggo https://t.co/EMYIdoblMR,12,10,doggo,23956.0,4543.0
871762521631449091,2017-06-05 16:15:56,"<a href=""http://twitter.com/download/iphone"" rel=""nofollow"">Twitter for iPhone</a>",This is Rover. As part of pupper protocol he had to at least attempt to eat the plant. Confirmed not tasty. Needs peanut butter. 12/10 https://t.co/AiVljI6QCg,12,10,pupper,17796.0,2953.0
871515927908634625,2017-06-04 23:56:03,"<a href=""http://twitter.com/download/iphone"" rel=""nofollow"">Twitter for iPhone</a>",This is Napolean. He's a Raggedy East Nicaraguan Zoom Zoom. Runs on one leg. Built for deception. No eyes. Good with kids. 12/10 great doggo https://t.co/PR7B7w1rUw,12,10,doggo,17836.0,2924.0
871102520638267392,2017-06-03 20:33:19,"<a href=""http://twitter.com/download/iphone"" rel=""nofollow"">Twitter for iPhone</a>",Never doubt a doggo 14/10 https://t.co/AbBLh2FZCH,14,10,doggo,18472.0,4645.0
869596645499047938,2017-05-30 16:49:31,"<a href=""http://twitter.com/download/iphone"" rel=""nofollow"">Twitter for iPhone</a>",This is Scout. He just graduated. Officially a doggo now. Have fun with taxes and losing sight of your ambitions. 12/10 would throw cap for https://t.co/DsA2hwXAJo,12,10,doggo,14129.0,2625.0
867421006826221569,2017-05-24 16:44:18,"<a href=""http://twitter.com/download/iphone"" rel=""nofollow"">Twitter for iPhone</a>",This is Shikha. She just watched you drop a skittle on the ground and still eat it. Could not be less impressed. 12/10 superior puppo https://t.co/XZlZKd73go,12,10,puppo,14286.0,2109.0
866450705531457537,2017-05-22 00:28:40,"<a href=""http://twitter.com/download/iphone"" rel=""nofollow"">Twitter for iPhone</a>","This is Jamesy. He gives a kiss to every other pupper he sees on his walk. 13/10 such passion, much tender https://t.co/wk7TfysWHr",13,10,pupper,108327.0,30025.0
859607811541651456,2017-05-03 03:17:27,"<a href=""http://twitter.com/download/iphone"" rel=""nofollow"">Twitter for iPhone</a>",Sorry for the lack of posts today. I came home from school and had to spend quality time with my puppo. Her name is Zoey and she's 13/10 https://t.co/BArWupFAn0,13,10,puppo,16753.0,1359.0
858843525470990336,2017-05-01 00:40:27,"<a href=""http://twitter.com/download/iphone"" rel=""nofollow"">Twitter for iPhone</a>",I have stumbled puppon a doggo painting party. They're looking to be the next Pupcasso or Puppollock. All 13/10 would put it on the fridge https://t.co/cUeDMlHJbq,13,10,doggo,14068.0,3016.0
854120357044912130,2017-04-17 23:52:16,"<a href=""http://twitter.com/download/iphone"" rel=""nofollow"">Twitter for iPhone</a>",Sometimes you guys remind me just how impactful a pupper can be. Cooper will be remembered as a good boy by so many. 14/10 rest easy friend https://t.co/oBL7LEJEzR,14,10,pupper,29120.0,6569.0
854010172552949760,2017-04-17 16:34:26,"<a href=""http://twitter.com/download/iphone"" rel=""nofollow"">Twitter for iPhone</a>","At first I thought this was a shy doggo, but it's actually a Rare Canadian Floofer Owl. Amateurs would confuse the two. 11/10 only send dogs https://t.co/TXdT3tmuYk",11,10,floofer,14787.0,2782.0
850019790995546112,2017-04-06 16:18:05,"<a href=""http://twitter.com/download/iphone"" rel=""nofollow"">Twitter for iPhone</a>",Say hello to Boomer. He's a sandy pupper. Having a h*ckin blast. 12/10 would pet passionately https://t.co/ecb3LvExde,12,10,pupper,18704.0,4351.0
846514051647705089,2017-03-28 00:07:32,"<a href=""http://twitter.com/download/iphone"" rel=""nofollow"">Twitter for iPhone</a>",This is Barney. He's an elder doggo. Hitches a ride when he gets tired. Waves goodbye before he leaves. 13/10 please come back soon https://t.co/cFAasDXauK,13,10,doggo,41030.0,10333.0
845397057150107648,2017-03-24 22:08:59,"<a href=""http://twitter.com/download/iphone"" rel=""nofollow"">Twitter for iPhone</a>","Say hello to Mimosa. She's an emotional support doggo who helps her owner with PTSD. 13/10, but she needs your help

https://t.co/L6mLzrd7Mx https://t.co/jMutBFdw5o",13,10,doggo,7064.0,1615.0
845306882940190720,2017-03-24 16:10:40,"<a href=""http://twitter.com/download/iphone"" rel=""nofollow"">Twitter for iPhone</a>",This is Pickles. She's a silly pupper. Thinks she's a dish. 12/10 would dry https://t.co/7mPCF4ZwEk,12,10,pupper,21536.0,4838.0
837820167694528512,2017-03-04 00:21:08,"<a href=""http://twitter.com/download/iphone"" rel=""nofollow"">Twitter for iPhone</a>","Here's a pupper before and after being asked ""who's a good girl?"" Unsure as h*ck. 12/10 hint hint it's you https://t.co/ORiK6jlgdH",12,10,pupper,31735.0,7128.0
837110210464448512,2017-03-02 01:20:01,"<a href=""http://twitter.com/download/iphone"" rel=""nofollow"">Twitter for iPhone</a>",This is Clark. He passed pupper training today. Round of appaws for Clark. 13/10 https://t.co/7pUjwe8X6B,13,10,pupper,15032.0,2172.0
836753516572119041,2017-03-01 01:42:39,"<a href=""http://twitter.com/download/iphone"" rel=""nofollow"">Twitter for iPhone</a>",This is Meera. She just heard about taxes and how much a doghouse in a nice area costs. Not pupared to be a  doggo anymore. 12/10 https://t.co/GZmNEdyoJY,12,10,doggo,18046.0,4249.0
836380477523124226,2017-02-28 01:00:19,"<a href=""http://twitter.com/download/iphone"" rel=""nofollow"">Twitter for iPhone</a>","This is Ava. She just blasted off. Streamline af. Aerodynamic as h*ck. One small step for pupper, one giant leap for pupkind. 12/10 https://t.co/W4KffrdX3Q",12,10,pupper,13871.0,2744.0
834574053763584002,2017-02-23 01:22:14,"<a href=""http://twitter.com/download/iphone"" rel=""nofollow"">Twitter for iPhone</a>",Here's a doggo fully pupared for a shower. H*ckin exquisite balance. Sneaky tongue slip too. 13/10 https://t.co/UtEVnQ1ZPg,13,10,doggo,12765.0,2301.0
834089966724603904,2017-02-21 17:18:39,"<a href=""http://twitter.com/download/iphone"" rel=""nofollow"">Twitter for iPhone</a>",DOGGO ON THE LOOSE I REPEAT DOGGO ON THE LOOSE 10/10 https://t.co/ffIH2WxwF0,10,10,doggo,9419.0,1960.0
833124694597443584,2017-02-19 01:23:00,"<a href=""http://twitter.com/download/iphone"" rel=""nofollow"">Twitter for iPhone</a>",This is Gidget. She's a spy pupper. Stealthy as h*ck. Must've slipped pup and got caught. 12/10 would forgive then pet https://t.co/zD97KYFaFa,12,10,pupper,18928.0,4428.0
832998151111966721,2017-02-18 17:00:10,"<a href=""http://twitter.com/download/iphone"" rel=""nofollow"">Twitter for iPhone</a>","This is Rhino. He arrived at a shelter with an elaborate doggo manual for his new family, written by someone who will always love him. 13/10 https://t.co/QX1h0oqMz0",13,10,doggo,12385.0,2004.0
832273440279240704,2017-02-16 17:00:25,"<a href=""http://twitter.com/download/iphone"" rel=""nofollow"">Twitter for iPhone</a>",Say hello to Smiley. He's a blind therapy doggo having a h*ckin blast high steppin around in the snow. 14/10 would follow anywhere https://t.co/SHAb1wHjMz,14,10,doggo,10617.0,2137.0
832032802820481025,2017-02-16 01:04:13,"<a href=""http://twitter.com/download/iphone"" rel=""nofollow"">Twitter for iPhone</a>","This is Miguel. He was the only remaining doggo at the adoption center after the weekend. Let's change that. 12/10

https://t.co/P0bO8mCQwN https://t.co/SU4K34NT4M",12,10,doggo,16710.0,4288.0
831939777352105988,2017-02-15 18:54:34,"<a href=""http://twitter.com/download/iphone"" rel=""nofollow"">Twitter for iPhone</a>",This is Emanuel. He's a h*ckin rare doggo. Dwells in a semi-urban environment. Round features make him extra collectible. 12/10 would so pet https://t.co/k9bzgyVdUT,12,10,doggo,22406.0,5639.0
831322785565769729,2017-02-14 02:02:51,"<a href=""http://twitter.com/download/iphone"" rel=""nofollow"">Twitter for iPhone</a>",This is Pete. He has no eyes. Needs a guide doggo. Also appears to be considerably fluffy af. 12/10 would hug softly https://t.co/Xc0gyovCtK,12,10,doggo,8724.0,1435.0
831315979191906304,2017-02-14 01:35:49,"<a href=""http://twitter.com"" rel=""nofollow"">Twitter Web Client</a>",I couldn't make it to the #WKCDogShow BUT I have people there on the ground relaying me the finest pupper pics possible. 13/10 for all https://t.co/jd6lYhfdH4,13,10,pupper,6154.0,1036.0
829449946868879360,2017-02-08 22:00:52,"<a href=""http://twitter.com/download/iphone"" rel=""nofollow"">Twitter for iPhone</a>",Here's a stressed doggo. Had a long day. Many things on her mind. The hat communicates these feelings exquisitely. 11/10 https://t.co/fmRS43mWQB,11,10,doggo,9835.0,1853.0
828381636999917570,2017-02-05 23:15:47,"<a href=""http://twitter.com/download/iphone"" rel=""nofollow"">Twitter for iPhone</a>",Meet Doobert. He's a deaf doggo. Didn't stop him on the field tho. Absolute legend today. 14/10 would pat head approvingly https://t.co/iCk7zstRA9,14,10,doggo,11813.0,2053.0
827933404142436356,2017-02-04 17:34:40,"<a href=""http://twitter.com/download/iphone"" rel=""nofollow"">Twitter for iPhone</a>",This is Kona. Yesterday she stopped by the department to see what it takes to be a police pupper. 12/10 vest was only a smidge too big https://t.co/j8D3PQJvpJ,12,10,pupper,18763.0,4803.0
826958653328592898,2017-02-02 01:01:21,"<a href=""http://twitter.com/download/iphone"" rel=""nofollow"">Twitter for iPhone</a>",This is Loki. He smiles like Elvis. Ain't nothin but a hound doggo. 12/10 https://t.co/QV5nx6otZR,12,10,doggo,20237.0,4584.0
826848821049180160,2017-02-01 17:44:55,"<a href=""http://twitter.com/download/iphone"" rel=""nofollow"">Twitter for iPhone</a>",This is Cupid. He was found in the trash. Now he's well on his way to prosthetic front legs and a long happy doggo life. 13/10 heroic af https://t.co/WS0Gha8vRh,13,10,doggo,33898.0,9297.0
826476773533745153,2017-01-31 17:06:32,"<a href=""http://twitter.com/download/iphone"" rel=""nofollow"">Twitter for iPhone</a>",This is Pilot. He has mastered the synchronized head tilt and sneaky tongue slip. Usually not unlocked until later doggo days. 12/10 https://t.co/YIV8sw8xkh,12,10,doggo,17293.0,3878.0
826204788643753985,2017-01-30 23:05:46,"<a href=""http://twitter.com/download/iphone"" rel=""nofollow"">Twitter for iPhone</a>","Here's a little more info on Dew, your favorite roaming doggo that went h*ckin viral. 13/10 
https://t.co/1httNYrCeW https://t.co/KvaM8j3jhX",13,10,doggo,4575.0,852.0
825535076884762624,2017-01-29 02:44:34,"<a href=""http://twitter.com/download/iphone"" rel=""nofollow"">Twitter for iPhone</a>",Here's a very loving and accepting puppo. Appears to have read her Constitution well. 14/10 would pat head approvingly https://t.co/6ao80wIpV1,14,10,puppo,53760.0,16289.0
825026590719483904,2017-01-27 17:04:02,"<a href=""http://twitter.com/download/iphone"" rel=""nofollow"">Twitter for iPhone</a>","Say hello to Pablo. He's one gorgeous puppo. A true 12/10. Click the link to see why Pablo requests your assistance

https://t.co/koHvVQp9bL https://t.co/IhW0JKf7kc",12,10,puppo,5881.0,1163.0
824325613288833024,2017-01-25 18:38:36,"<a href=""http://twitter.com/download/iphone"" rel=""nofollow"">Twitter for iPhone</a>",Retweet the h*ck out of this 13/10 pupper #BellLetsTalk https://t.co/wBmc7OaGvS,13,10,pupper,11123.0,9842.0
822872901745569793,2017-01-21 18:26:02,"<a href=""http://twitter.com/download/iphone"" rel=""nofollow"">Twitter for iPhone</a>",Here's a super supportive puppo participating in the Toronto  #WomensMarch today. 13/10 https://t.co/nTz3FtorBc,13,10,puppo,123517.0,39699.0
822462944365645825,2017-01-20 15:17:01,"<a href=""http://twitter.com/download/iphone"" rel=""nofollow"">Twitter for iPhone</a>","This is Gabe. He was the unequivocal embodiment of a dream meme, but also one h*ck of a pupper. You will be missed by so many. 14/10 RIP https://t.co/M3hZGadUuO",14,10,pupper,26183.0,13067.0
821765923262631936,2017-01-18 17:07:18,"<a href=""http://twitter.com/download/iphone"" rel=""nofollow"">Twitter for iPhone</a>",This is Duchess. She uses dark doggo forces to levitate her toys. 13/10 magical af https://t.co/maDNMETA52,13,10,doggo,7885.0,1553.0
821407182352777218,2017-01-17 17:21:47,"<a href=""http://twitter.com/download/iphone"" rel=""nofollow"">Twitter for iPhone</a>",This is Sundance. He's a doggo drummer. Even sings a bit on the side. 14/10 entertained af (vid by @sweetsundance) https://t.co/Xn5AQtiqzG,14,10,doggo,11039.0,3973.0
821107785811234820,2017-01-16 21:32:06,"<a href=""http://twitter.com/download/iphone"" rel=""nofollow"">Twitter for iPhone</a>",Here's a doggo who looks like he's about to give you a list of mythical ingredients to go collect for his potion. 11/10 would obey https://t.co/8SiwKDlRcl,11,10,doggo,9021.0,1961.0
819952236453363712,2017-01-13 17:00:21,"<a href=""http://twitter.com/download/iphone"" rel=""nofollow"">Twitter for iPhone</a>","This is Oliver. He has dreams of being a service puppo so he can help his owner. 13/10 selfless af

make it happen:
https://t.co/f5WMsx0a9K https://t.co/6lJz0DKZIb",13,10,puppo,5001.0,1077.0
819924195358416896,2017-01-13 15:08:56,"<a href=""http://twitter.com/download/iphone"" rel=""nofollow"">Twitter for iPhone</a>",Here we have a doggo who has messed up. He was hoping you wouldn't notice. 11/10 someone help him https://t.co/XdRNXNYD4E,11,10,doggo,12185.0,4519.0
819238181065359361,2017-01-11 17:42:57,"<a href=""http://twitter.com"" rel=""nofollow"">Twitter Web Client</a>","Some happy pupper news to share. 10/10 for everyone involved 
https://t.co/MefMAZX2uv",10,10,pupper,2130.0,376.0
819006400881917954,2017-01-11 02:21:57,"<a href=""http://twitter.com/download/iphone"" rel=""nofollow"">Twitter for iPhone</a>",This is Sunny. She was also a very good First Doggo. 14/10 would also be an absolute honor to pet https://t.co/YOC1fHFCSb,14,10,doggo,42835.0,17705.0
819004803107983360,2017-01-11 02:15:36,"<a href=""http://twitter.com/download/iphone"" rel=""nofollow"">Twitter for iPhone</a>",This is Bo. He was a very good First Doggo. 14/10 would be an absolute honor to pet https://t.co/AdPKrI8BZ1,14,10,doggo,82310.0,34370.0
815966073409433600,2017-01-02 17:00:46,"<a href=""http://twitter.com/download/iphone"" rel=""nofollow"">Twitter for iPhone</a>",Here's a pupper with squeaky hiccups. Please enjoy. 13/10 https://t.co/MiMKtsLN6k,13,10,pupper,21029.0,7822.0
814986499976527872,2016-12-31 00:08:17,"<a href=""http://twitter.com/download/iphone"" rel=""nofollow"">Twitter for iPhone</a>",This is Cooper. Someone attacked him with a sharpie. Poor pupper. 11/10 nifty tongue slip tho https://t.co/01vpuRDXQ8,11,10,pupper,7232.0,1183.0
813910438903693312,2016-12-28 00:52:25,"<a href=""http://twitter.com/download/iphone"" rel=""nofollow"">Twitter for iPhone</a>",This is Chubbs. He dug a hole and now he's stuck in it. Dang h*ckin doggo. 11/10 would assist https://t.co/z1VRj1cYZf,11,10,doggo,8824.0,1724.0
813202720496779264,2016-12-26 02:00:11,"<a href=""http://twitter.com/download/iphone"" rel=""nofollow"">Twitter for iPhone</a>",Here's a doggo who has concluded that Christmas is entirely too bright. Requests you tone it down a notch. 11/10 https://t.co/cD967DjnIn,11,10,doggo,8730.0,1699.0
813127251579564032,2016-12-25 21:00:18,"<a href=""http://twitter.com/download/iphone"" rel=""nofollow"">Twitter for iPhone</a>",Here's an anonymous doggo that appears to be very done with Christmas. 11/10 cheer up pup https://t.co/BzITyGw3JA,11,10,doggo,11161.0,2908.0
813096984823349248,2016-12-25 19:00:02,"<a href=""http://twitter.com/download/iphone"" rel=""nofollow"">Twitter for iPhone</a>",This is Rocky. He got triple-doggo-dared. Stuck af. 11/10 someone help him https://t.co/soNL00XWVu,11,10,doggo,9989.0,3362.0
811386762094317568,2016-12-21 01:44:13,"<a href=""http://twitter.com/download/iphone"" rel=""nofollow"">Twitter for iPhone</a>",This is Craig. That's actually a normal sized fence he's stuck on. H*ckin massive pupper. 11/10 someone help him https://t.co/aAUXzoxaBy,11,10,pupper,19775.0,5943.0
808733504066486276,2016-12-13 18:01:07,"<a href=""http://twitter.com/download/iphone"" rel=""nofollow"">Twitter for iPhone</a>",Here's a pupper in a onesie. Quite pupset about it. Currently plotting revenge. 12/10 would rescue https://t.co/xQfrbNK3HD,12,10,pupper,7459.0,2027.0
807621403335917568,2016-12-10 16:22:02,"<a href=""http://twitter.com/download/iphone"" rel=""nofollow"">Twitter for iPhone</a>",This is Ollie Vue. He was a 3 legged pupper on a mission to overcome everything. This is very hard to write. 14/10 we will miss you Ollie https://t.co/qTRY2qX9y4,14,10,pupper,13787.0,3367.0
803773340896923648,2016-11-30 01:31:12,"<a href=""http://twitter.com/download/iphone"" rel=""nofollow"">Twitter for iPhone</a>",This is Diogi. He fell in the pool as soon as he was brought home. Clumsy puppo. 12/10 would pet until dry https://t.co/ZxeRjMKaWt,12,10,puppo,9493.0,2572.0
803638050916102144,2016-11-29 16:33:36,"<a href=""http://twitter.com/download/iphone"" rel=""nofollow"">Twitter for iPhone</a>",Pupper hath acquire enemy. 13/10 https://t.co/ns9qoElfsX,13,10,pupper,10334.0,3868.0
802239329049477120,2016-11-25 19:55:35,"<a href=""http://twitter.com/download/iphone"" rel=""nofollow"">Twitter for iPhone</a>",This is Loki. He'll do your taxes for you. Can also make room in your budget for all the things you bought today. 12/10 what a puppo https://t.co/5oWrHCWg87,12,10,puppo,8617.0,2442.0
800859414831898624,2016-11-22 00:32:18,"<a href=""http://twitter.com/download/iphone"" rel=""nofollow"">Twitter for iPhone</a>",@SkyWilliams doggo simply protecting you from evil that which you cannot see. 11/10 would give extra pets,11,10,doggo,643.0,90.0
800459316964663297,2016-11-20 22:02:27,"<a href=""http://twitter.com/download/iphone"" rel=""nofollow"">Twitter for iPhone</a>",Here's a very sleepy pupper. Appears to be portable as h*ck. 12/10 would snug intensely https://t.co/61sX7pW5Ca,12,10,pupper,9004.0,2051.0
800388270626521089,2016-11-20 17:20:08,"<a href=""http://twitter.com/download/iphone"" rel=""nofollow"">Twitter for iPhone</a>",This is Doc. He takes time out of every day to worship our plant overlords. 12/10 quite the floofer https://t.co/azMneS6Ly5,12,10,floofer,10554.0,2621.0
800018252395122689,2016-11-19 16:49:49,"<a href=""http://twitter.com/download/iphone"" rel=""nofollow"">Twitter for iPhone</a>",Here's a doggo doin a struggle. 11/10 much determined https://t.co/gQqRBfkX4I,11,10,doggo,26734.0,12243.0
799757965289017345,2016-11-18 23:35:32,"<a href=""http://twitter.com/download/iphone"" rel=""nofollow"">Twitter for iPhone</a>",This is Sobe. She's a h*ckin happy doggo. Only one leg tho. Must have good balance. 13/10 would smile back https://t.co/OiH8PaOxB1,13,10,doggo,7940.0,1994.0
797971864723324932,2016-11-14 01:18:12,"<a href=""http://twitter.com/download/iphone"" rel=""nofollow"">Twitter for iPhone</a>",Here's a helicopter pupper. He takes off at random. H*ckin hard to control. 12/10 rare af https://t.co/GRWPgNKt2z,12,10,pupper,10904.0,2878.0
796484825502875648,2016-11-09 22:49:15,"<a href=""http://twitter.com/download/iphone"" rel=""nofollow"">Twitter for iPhone</a>",Here's a sleepy doggo that requested some assistance. 12/10 would carry everywhere https://t.co/bvkkqOjNDV,12,10,doggo,7158.0,1643.0
795464331001561088,2016-11-07 03:14:10,"<a href=""http://twitter.com/download/iphone"" rel=""nofollow"">Twitter for iPhone</a>",Elder doggo does a splash. Both 13/10 incredible stuff https://t.co/gBUDjdEcqz,13,10,doggo,46540.0,21836.0
794205286408003585,2016-11-03 15:51:10,"<a href=""http://twitter.com/download/iphone"" rel=""nofollow"">Twitter for iPhone</a>",This is Laika. She was a space pupper. The first space pupper actually. Orbited earth like a h*ckin boss. 14/10 hero af https://t.co/trSjgY3h4g,14,10,pupper,8733.0,3102.0
793195938047070209,2016-10-31 21:00:23,"<a href=""http://twitter.com/download/iphone"" rel=""nofollow"">Twitter for iPhone</a>",Say hello to Lily. She's pupset that her costume doesn't fit as well as last year. 12/10 poor puppo https://t.co/YSi6K1firY,12,10,puppo,14381.0,5246.0
790946055508652032,2016-10-25 16:00:09,"<a href=""http://twitter.com/download/iphone"" rel=""nofollow"">Twitter for iPhone</a>",This is Betty. She's assisting with the dishes. Such a good puppo. 12/10 h*ckin helpful af https://t.co/dgvTPZ9tgI,12,10,puppo,15807.0,4370.0
789903600034189313,2016-10-22 18:57:48,"<a href=""http://vine.co"" rel=""nofollow"">Vine - Make a Scene</a>",This is Ralphy. His dreams were just shattered. Poor pupper. 13/10 it'll be ok Ralphy https://t.co/P0kSN6rT6H,13,10,pupper,9744.0,3866.0
787717603741622272,2016-10-16 18:11:26,"<a href=""http://twitter.com/download/iphone"" rel=""nofollow"">Twitter for iPhone</a>",This is Tonks. She is a service puppo. Can hear a caterpillar hiccup from 7 miles away. 13/10 would follow anywhere https://t.co/i622ZbWkUp,13,10,puppo,9668.0,2574.0
786363235746385920,2016-10-13 00:29:39,"<a href=""http://twitter.com/download/iphone"" rel=""nofollow"">Twitter for iPhone</a>",This is Rizzo. He has many talents. A true renaissance doggo. 13/10 entertaining af https://t.co/TVXpEJB7Wn,13,10,doggo,10230.0,3202.0
786051337297522688,2016-10-12 03:50:17,"<a href=""http://twitter.com/download/iphone"" rel=""nofollow"">Twitter for iPhone</a>",13/10 for breakdancing puppo @shibbnbot,13,10,puppo,1349.0,145.0
784183165795655680,2016-10-07 00:06:50,"<a href=""http://vine.co"" rel=""nofollow"">Vine - Make a Scene</a>",This is Reginald. He's one magical puppo. Aerodynamic af. 12/10 would catch https://t.co/t0cEeRbcXJ,12,10,puppo,18855.0,7418.0
782747134529531904,2016-10-03 01:00:34,"<a href=""http://twitter.com/download/iphone"" rel=""nofollow"">Twitter for iPhone</a>",This is Deacon. He's the happiest almost dry doggo I've ever seen. 11/10 would smile back https://t.co/C6fUMnHt1H,11,10,doggo,7041.0,1310.0
782305867769217024,2016-10-01 19:47:08,"<a href=""http://twitter.com/download/iphone"" rel=""nofollow"">Twitter for iPhone</a>",This is Sampson. He just graduated. Ready to be a doggo now. Time for the real world. 12/10 have fun with taxes https://t.co/pgVKxRw0s1,12,10,doggo,15632.0,5098.0
781655249211752448,2016-09-30 00:41:48,"<a href=""http://vine.co"" rel=""nofollow"">Vine - Make a Scene</a>",This is Combo. The daily struggles of being a doggo have finally caught up with him. 11/10 https://t.co/LOKrNo0OM7,11,10,doggo,3752.0,1045.0
780931614150983680,2016-09-28 00:46:20,"<a href=""http://twitter.com/download/iphone"" rel=""nofollow"">Twitter for iPhone</a>",I want to finally rate this iconic puppo who thinks the parade is all for him. 13/10 would absolutely attend https://t.co/5dUYOu4b8d,13,10,puppo,20410.0,6698.0
780074436359819264,2016-09-25 16:00:13,"<a href=""http://vine.co"" rel=""nofollow"">Vine - Make a Scene</a>",Here's a doggo questioning his entire existence. 10/10 someone tell him he's a good boy  https://t.co/dVm5Hgdpeb,10,10,doggo,11377.0,4549.0
779377524342161408,2016-09-23 17:50:56,"<a href=""http://twitter.com/download/iphone"" rel=""nofollow"">Twitter for iPhone</a>",Have you ever seen such a smol pupper? Portable af. 12/10 would keep in shirt pocket https://t.co/KsqaIzlQ12,12,10,pupper,8205.0,2869.0
778039087836069888,2016-09-20 01:12:28,"<a href=""http://twitter.com/download/iphone"" rel=""nofollow"">Twitter for iPhone</a>",Evolution of a pupper yawn featuring Max. 12/10 groundbreaking stuff https://t.co/t8Y4x9DmVD,12,10,pupper,7954.0,2447.0
778027034220126208,2016-09-20 00:24:34,"<a href=""http://twitter.com/download/iphone"" rel=""nofollow"">Twitter for iPhone</a>",This is Sophie. She's a Jubilant Bush Pupper. Super h*ckin rare. Appears at random just to smile at the locals. 11.27/10 would smile back https://t.co/QFaUiIHxHq,27,10,pupper,6171.0,1486.0
776477788987613185,2016-09-15 17:48:25,"<a href=""http://twitter.com/download/iphone"" rel=""nofollow"">Twitter for iPhone</a>",This is Huck. He's addicted to caffeine. Hope it's not too latte to seek help. 11/10 stay strong pupper https://t.co/iJE3F0VozW,11,10,pupper,8213.0,2543.0
776218204058357768,2016-09-15 00:36:55,"<a href=""http://twitter.com/download/iphone"" rel=""nofollow"">Twitter for iPhone</a>",Atlas rolled around in some chalk and now he's a magical rainbow floofer. 13/10 please never take a bath https://t.co/nzqTNw0744,13,10,floofer,27956.0,14613.0
776113305656188928,2016-09-14 17:40:06,"<a href=""http://twitter.com/download/iphone"" rel=""nofollow"">Twitter for iPhone</a>",This is Sampson. He's about to get hit with a vicious draw 2. Has no idea. 11/10 poor pupper https://t.co/FYT9QBEnKG,11,10,pupper,11061.0,4002.0
775733305207554048,2016-09-13 16:30:07,"<a href=""http://twitter.com/download/iphone"" rel=""nofollow"">Twitter for iPhone</a>",This is Anakin. He strives to reach his full doggo potential. Born with blurry tail tho. 11/10 would still pet well https://t.co/9CcBSxCXXG,11,10,doggo,13009.0,3686.0
775364825476165632,2016-09-12 16:05:54,"<a href=""http://twitter.com/download/iphone"" rel=""nofollow"">Twitter for iPhone</a>",This is Finley. He's an independent doggo still adjusting to life on his own. 11/10 https://t.co/7FNcBaKbci,11,10,doggo,6917.0,2698.0
773985732834758656,2016-09-08 20:45:53,"<a href=""http://twitter.com/download/iphone"" rel=""nofollow"">Twitter for iPhone</a>",Meet Winnie. She just made awkward eye contact with the driver beside her. Poor pupper panicked. 11/10 would comfort https://t.co/RFWtDqTnAz,11,10,pupper,10114.0,3566.0
773547596996571136,2016-09-07 15:44:53,"<a href=""http://twitter.com/download/iphone"" rel=""nofollow"">Twitter for iPhone</a>",This is Chelsea. She forgot how to dog. 11/10 get it together pupper https://t.co/nBJ5RE4yHb,11,10,pupper,20710.0,5660.0
772193107915964416,2016-09-03 22:02:38,"<a href=""http://twitter.com/download/iphone"" rel=""nofollow"">Twitter for iPhone</a>",This is Willem. He's a Penn State pupper. Thinks the hood makes him more intimidating. It doesn't. 12/10 https://t.co/Dp0s7MRIHK,12,10,pupper,5654.0,1282.0
771908950375665664,2016-09-03 03:13:29,"<a href=""http://twitter.com/download/iphone"" rel=""nofollow"">Twitter for iPhone</a>","Doggo will persevere. 13/10
https://t.co/yOVzAomJ6k",13,10,doggo,6158.0,1746.0
768193404517830656,2016-08-23 21:09:14,"<a href=""http://twitter.com/download/iphone"" rel=""nofollow"">Twitter for iPhone</a>",Meet Gerald. He's a fairly exotic doggo. Floofy af. Inadequate knees tho. Self conscious about large forehead. 8/10 https://t.co/WmczvjCWJq,8,10,doggo,10137.0,3249.0
767191397493538821,2016-08-21 02:47:37,"<a href=""http://twitter.com/download/iphone"" rel=""nofollow"">Twitter for iPhone</a>",I don't know any of the backstory behind this picture but for some reason I'm crying. 13/10 for owner and doggo https://t.co/QOKZdus9TT,13,10,doggo,11466.0,3449.0
765371061932261376,2016-08-16 02:14:15,"<a href=""http://twitter.com/download/iphone"" rel=""nofollow"">Twitter for iPhone</a>",This is Louie. He's had a long day. Did a lot of pupper things. Also appears to be rather heckin pettable. 11/10 https://t.co/w2qDmoTIZ5,11,10,pupper,6656.0,1991.0
763956972077010945,2016-08-12 04:35:10,"<a href=""http://twitter.com/download/iphone"" rel=""nofollow"">Twitter for iPhone</a>",@TheEllenShow I'm not sure if you know this but that doggo right there is a 12/10,12,10,doggo,730.0,49.0
760893934457552897,2016-08-03 17:43:45,"<a href=""http://twitter.com/download/iphone"" rel=""nofollow"">Twitter for iPhone</a>",This is Wishes. He has the day off. Daily struggles of being a doggo have finally caught up with him. 11/10 https://t.co/H9YgrUkYwa,11,10,doggo,3560.0,883.0
760521673607086080,2016-08-02 17:04:31,"<a href=""http://vine.co"" rel=""nofollow"">Vine - Make a Scene</a>","Doggo want what doggo cannot have. Temptation strong, dog stronger. 12/10  https://t.co/IqyTF6qik6",12,10,doggo,3906.0,1276.0
759943073749200896,2016-08-01 02:45:22,"<a href=""http://vine.co"" rel=""nofollow"">Vine - Make a Scene</a>",Here's a wicked fast pupper. 12/10 camera could barely keep pup https://t.co/HtAR6gpUAu,12,10,pupper,5513.0,1922.0
758828659922702336,2016-07-29 00:57:05,"<a href=""http://twitter.com/download/iphone"" rel=""nofollow"">Twitter for iPhone</a>",This doggo is just waiting for someone to be proud of her and her accomplishment. 13/10 legendary af https://t.co/9T2h14yn4Q,13,10,doggo,10429.0,3536.0
757393109802180609,2016-07-25 01:52:43,"<a href=""http://twitter.com/download/iphone"" rel=""nofollow"">Twitter for iPhone</a>",Here's a doggo completely oblivious to the double rainbow behind him. 10/10 someone tell him https://t.co/OfvRoD6ndV,10,10,doggo,5424.0,1574.0
756939218950160384,2016-07-23 19:49:07,"<a href=""http://twitter.com/download/iphone"" rel=""nofollow"">Twitter for iPhone</a>",This is Jax. He is a majestic mountain pupper. Thinks flat ground is for the weak. 12/10 would totally hike with https://t.co/KGdeHuFJnH,12,10,pupper,6180.0,1830.0
756526248105566208,2016-07-22 16:28:07,"<a href=""http://twitter.com/download/iphone"" rel=""nofollow"">Twitter for iPhone</a>",All hail sky doggo. 13/10 would jump super high to pet https://t.co/CsLRpqdeTF,13,10,doggo,9676.0,3285.0
756275833623502848,2016-07-21 23:53:04,"<a href=""http://twitter.com/download/iphone"" rel=""nofollow"">Twitter for iPhone</a>",When ur older siblings get to play in the deep end but dad says ur not old enough. Maybe one day puppo. All 10/10 https://t.co/JrDAzMhwG9,10,10,puppo,5957.0,1400.0
755955933503782912,2016-07-21 02:41:54,"<a href=""http://twitter.com/download/iphone"" rel=""nofollow"">Twitter for iPhone</a>",Here's a frustrated pupper attempting to escape a pool of Frosted Flakes. 12/10 https://t.co/GAYViEweWr,12,10,pupper,6803.0,2611.0
755206590534418437,2016-07-19 01:04:16,"<a href=""http://twitter.com/download/iphone"" rel=""nofollow"">Twitter for iPhone</a>",This is one of the most inspirational stories I've ever come across. I have no words. 14/10 for both doggo and owner https://t.co/I5ld3eKD5k,14,10,doggo,15245.0,4883.0
752682090207055872,2016-07-12 01:52:49,"<a href=""http://twitter.com/download/iphone"" rel=""nofollow"">Twitter for iPhone</a>",Nothing better than a doggo and a sunset. 10/10 majestic af https://t.co/xVSodF19PS,10,10,doggo,5573.0,1449.0
752660715232722944,2016-07-12 00:27:52,"<a href=""http://twitter.com/download/iphone"" rel=""nofollow"">Twitter for iPhone</a>","Hooman used Pokeball
*wiggle*
*wiggle*
Doggo broke free 
10/10 https://t.co/bWSgqnwSHr",10,10,doggo,4059.0,1416.0
752519690950500352,2016-07-11 15:07:30,"<a href=""http://twitter.com/download/iphone"" rel=""nofollow"">Twitter for iPhone</a>",Hopefully this puppo on a swing will help get you through your Monday. 11/10 would push https://t.co/G54yClasz2,11,10,puppo,6815.0,3140.0
752334515931054080,2016-07-11 02:51:40,"<a href=""http://twitter.com/download/iphone"" rel=""nofollow"">Twitter for iPhone</a>",Here's a doggo trying to catch some fish. 8/10 futile af (vid by @KellyBauerx) https://t.co/jwd0j6oWLE,8,10,doggo,3579.0,1005.0
751950017322246144,2016-07-10 01:23:49,"<a href=""http://vine.co"" rel=""nofollow"">Vine - Make a Scene</a>",This is Lola. She's a surfing pupper. 13/10 magical af https://t.co/BlGQkhM5EV,13,10,pupper,2842.0,828.0
751456908746354688,2016-07-08 16:44:23,"<a href=""http://twitter.com/download/iphone"" rel=""nofollow"">Twitter for iPhone</a>",Here's a pupper that's very hungry but too lazy to get up and eat. 12/10 (vid by @RealDavidCortes) https://t.co/lsVAMBq6ex,12,10,pupper,2997.0,918.0
751132876104687617,2016-07-07 19:16:47,"<a href=""http://twitter.com/download/iphone"" rel=""nofollow"">Twitter for iPhone</a>",This is Cooper. He's just so damn happy. 10/10 what's your secret puppo? https://t.co/yToDwVXEpA,10,10,puppo,4707.0,1178.0
750868782890057730,2016-07-07 01:47:22,"<a href=""http://twitter.com/download/iphone"" rel=""nofollow"">Twitter for iPhone</a>",Meet Milo. He hauled ass until he ran out of treadmill and then passed out from exhaustion. 11/10 sleep tight pupper https://t.co/xe1aGZNkcC,11,10,pupper,4433.0,1239.0
750506206503038976,2016-07-06 01:46:38,"<a href=""http://twitter.com/download/iphone"" rel=""nofollow"">Twitter for iPhone</a>",This is Malcolm. He's absolutely terrified of heights. 8/10 hang in there pupper https://t.co/SVU00Sc9U2,8,10,pupper,4120.0,1043.0
750383411068534784,2016-07-05 17:38:41,"<a href=""http://twitter.com/download/iphone"" rel=""nofollow"">Twitter for iPhone</a>",This is Zoe. She was trying to stealthily take a picture of you but you just noticed. 9/10 not so sneaky pupper https://t.co/FfH3o88Vta,9,10,pupper,4253.0,1038.0
750381685133418496,2016-07-05 17:31:49,"<a href=""http://twitter.com/download/iphone"" rel=""nofollow"">Twitter for iPhone</a>","13/10 such a good doggo
@spaghemily",13,10,doggo,668.0,26.0
750071704093859840,2016-07-04 21:00:04,"<a href=""http://twitter.com/download/iphone"" rel=""nofollow"">Twitter for iPhone</a>",Pause your cookout and admire this pupper's nifty hat. 10/10 https://t.co/RG4C9IdNJM,10,10,pupper,7221.0,3015.0
750011400160841729,2016-07-04 17:00:26,"<a href=""https://about.twitter.com/products/tweetdeck"" rel=""nofollow"">TweetDeck</a>",Meet Piper. She's an airport doggo. Please return your tray table to its full pupright and locked position. 11/10 https://t.co/D17IAcetmM,11,10,doggo,2996.0,819.0
749417653287129088,2016-07-03 01:41:06,"<a href=""http://twitter.com/download/iphone"" rel=""nofollow"">Twitter for iPhone</a>",This is Finn. He's the most unphotogenic pupper of all time. 11/10 https://t.co/qvA2rCUl6v,11,10,pupper,5650.0,1504.0
749317047558017024,2016-07-02 19:01:20,"<a href=""http://twitter.com/download/iphone"" rel=""nofollow"">Twitter for iPhone</a>",This is Blu. He's a wild bush Floofer. I wish anything made me as happy as bushes make Blu. 12/10 would frolic with https://t.co/HHUAnBb6QB,12,10,floofer,5079.0,2035.0
749075273010798592,2016-07-02 03:00:36,"<a href=""http://vine.co"" rel=""nofollow"">Vine - Make a Scene</a>",This is Boomer. He's self-baptizing. Other doggo not ready to renounce sins. 11/10 spiritually awakened af https://t.co/cRTJiQQk9o,11,10,doggo,5340.0,1873.0
748932637671223296,2016-07-01 17:33:49,"<a href=""http://twitter.com/download/iphone"" rel=""nofollow"">Twitter for iPhone</a>",Say hello to Divine Doggo. Must be magical af. 13/10 would be an honor to pet https://t.co/BbcABzohKb,13,10,doggo,5388.0,2052.0
748692773788876800,2016-07-01 01:40:41,"<a href=""http://twitter.com/download/iphone"" rel=""nofollow"">Twitter for iPhone</a>",That is Quizno. This is his beach. He does not tolerate human shenanigans on his beach. 10/10 reclaim ur land doggo https://t.co/vdr7DaRSa7,10,10,doggo,3944.0,1222.0
748337862848962560,2016-06-30 02:10:24,"<a href=""http://vine.co"" rel=""nofollow"">Vine - Make a Scene</a>",SWIM AWAY PUPPER SWIM AWAY 13/10 #BarkWeek  https://t.co/QGGhZoTcwy,13,10,pupper,7022.0,3717.0
747963614829678593,2016-06-29 01:23:16,"<a href=""http://twitter.com/download/iphone"" rel=""nofollow"">Twitter for iPhone</a>",PUPPER NOOOOO BEHIND YOUUU 10/10 pls keep this pupper in your thoughts https://t.co/ZPfeRtOX0Q,10,10,pupper,5358.0,1947.0
747651430853525504,2016-06-28 04:42:46,"<a href=""http://twitter.com/download/iphone"" rel=""nofollow"">Twitter for iPhone</a>",Other pupper asked not to have his identity shared. Probably just embarrassed about the headbutt. Also 12/10 it'll be ok mystery pup,12,10,pupper,1270.0,143.0
746542875601690625,2016-06-25 03:17:46,"<a href=""http://vine.co"" rel=""nofollow"">Vine - Make a Scene</a>",Here's a golden floofer helping with the groceries. Bed got in way. Still 11/10 helpful af (vid by @categoen) https://t.co/6ZRoZUWFmd,11,10,floofer,4672.0,1738.0
745433870967832576,2016-06-22 01:50:58,"<a href=""http://twitter.com/download/iphone"" rel=""nofollow"">Twitter for iPhone</a>",This is Lenox. She's in a wheelbarrow. Silly doggo. You don't belong there. 10/10 would push around https://t.co/oYbVR4nBsR,10,10,doggo,6514.0,2297.0
744995568523612160,2016-06-20 20:49:19,"<a href=""http://twitter.com/download/iphone"" rel=""nofollow"">Twitter for iPhone</a>",This is Abby. She got her face stuck in a glass. Churlish af. 9/10 rookie move puppo https://t.co/2FPb45NXrK,9,10,puppo,2731.0,566.0
744234799360020481,2016-06-18 18:26:18,"<a href=""http://twitter.com/download/iphone"" rel=""nofollow"">Twitter for iPhone</a>",Here's a doggo realizing you can stand in a pool. 13/10 enlightened af (vid by Tina Conrad) https://t.co/7wE9LTEXC4,13,10,doggo,143954.0,70220.0
744223424764059648,2016-06-18 17:41:06,"<a href=""http://twitter.com/download/iphone"" rel=""nofollow"">Twitter for iPhone</a>","This is actually a pupper and I'd pet it so well. 12/10
https://t.co/RNqS7C4Y4N",12,10,pupper,1529.0,323.0
743253157753532416,2016-06-16 01:25:36,"<a href=""http://twitter.com/download/iphone"" rel=""nofollow"">Twitter for iPhone</a>","This is Kilo. He cannot reach the snackum. Nifty tongue, but not nifty enough. 10/10 maybe one day puppo https://t.co/gSmp31Zrsx",10,10,puppo,3914.0,1113.0
743222593470234624,2016-06-15 23:24:09,"<a href=""http://twitter.com/download/iphone"" rel=""nofollow"">Twitter for iPhone</a>",This is a very rare Great Alaskan Bush Pupper. Hard to stumble upon without spooking. 12/10 would pet passionately https://t.co/xOBKCdpzaa,12,10,pupper,5713.0,1726.0
742534281772302336,2016-06-14 01:49:03,"<a href=""http://vine.co"" rel=""nofollow"">Vine - Make a Scene</a>","For anyone who's wondering, this is what happens after a doggo catches it's tail... 11/10 https://t.co/G4fNhzelDv",11,10,doggo,6531.0,3264.0
742465774154047488,2016-06-13 21:16:49,"<a href=""http://twitter.com/download/iphone"" rel=""nofollow"">Twitter for iPhone</a>","Was just informed about this hero pupper and others like her. Another 14/10, would be an absolute honor to pet https://t.co/hBTzPmj36Z",14,10,pupper,6719.0,3580.0
742150209887731712,2016-06-13 00:22:53,"<a href=""http://twitter.com/download/iphone"" rel=""nofollow"">Twitter for iPhone</a>",This is Edmund. He sends stellar selfies. Cute af. 8/10 would totally snapchat with this pupper https://t.co/PprXoqZuKY,8,10,pupper,4690.0,1390.0
741743634094141440,2016-06-11 21:27:17,"<a href=""http://twitter.com/download/iphone"" rel=""nofollow"">Twitter for iPhone</a>",Meet Aqua. She's a sandy pupper. Not sure how she feels about being so sandy. Radical tongue slip. 11/10 petable af https://t.co/rYxJ0UQtbE,11,10,pupper,7526.0,2485.0
740676976021798912,2016-06-08 22:48:46,"<a href=""http://twitter.com/download/iphone"" rel=""nofollow"">Twitter for iPhone</a>","Meet Baloo. He's expecting a fast ground ball, hence the wide stance. Prepared af. 11/10 nothing runs like a pupper https://t.co/sMbMw5Z2XC",11,10,pupper,16769.0,6177.0
739623569819336705,2016-06-06 01:02:55,"<a href=""http://vine.co"" rel=""nofollow"">Vine - Make a Scene</a>",Here's a doggo that don't need no human. 12/10 independent af (vid by @MichelleLiuCee) https://t.co/vdgtdb6rON,12,10,doggo,3488.0,1233.0
739606147276148736,2016-06-05 23:53:41,"<a href=""http://twitter.com/download/iphone"" rel=""nofollow"">Twitter for iPhone</a>",Meet Benji. He just turned 1. Has already given up on a traditional pupper physique. Just inhaled that thing. 9/10 https://t.co/sLUC4th3Zj,9,10,pupper,4965.0,1486.0
739238157791694849,2016-06-04 23:31:25,"<a href=""http://twitter.com/download/iphone"" rel=""nofollow"">Twitter for iPhone</a>",Here's a doggo blowing bubbles. It's downright legendary. 13/10 would watch on repeat forever (vid by Kent Duryee) https://t.co/YcXgHfp1EC,13,10,doggo,106571.0,52551.0
738537504001953792,2016-06-03 01:07:16,"<a href=""http://twitter.com/download/iphone"" rel=""nofollow"">Twitter for iPhone</a>",This is Bayley. She fell asleep trying to escape her evil fence enclosure. 11/10 night night puppo https://t.co/AxSiqAKEKu,11,10,puppo,4678.0,1391.0
737445876994609152,2016-05-31 00:49:32,"<a href=""http://twitter.com/download/iphone"" rel=""nofollow"">Twitter for iPhone</a>",Just wanted to share this super rare Rainbow Floofer in case you guys haven't seen it yet. 13/10 colorful af https://t.co/CaG9MzD3WT,13,10,floofer,9403.0,4036.0
736392552031657984,2016-05-28 03:04:00,"<a href=""http://vine.co"" rel=""nofollow"">Vine - Make a Scene</a>",Say hello to mad pupper. You know what you did. 13/10 would pet until no longer furustrated https://t.co/u1ulQ5heLX,13,10,pupper,16260.0,6623.0
736365877722001409,2016-05-28 01:18:00,"<a href=""http://twitter.com/download/iphone"" rel=""nofollow"">Twitter for iPhone</a>",This is Rory. He's extremely impatient. 11/10 settle down pupper https://t.co/e3tfXJLi40,11,10,pupper,3647.0,1109.0
735648611367784448,2016-05-26 01:47:51,"<a href=""http://twitter.com/download/iphone"" rel=""nofollow"">Twitter for iPhone</a>",*faints* 12/10 perfection in pupper form https://t.co/t6TxTwTLEK,12,10,pupper,3723.0,1004.0
735256018284875776,2016-05-24 23:47:49,"<a href=""http://twitter.com/download/iphone"" rel=""nofollow"">Twitter for iPhone</a>",This is Kellogg. He accidentally opened the front facing camera. 8/10 get it together doggo https://t.co/MRYv7nDPyS,8,10,doggo,3051.0,801.0
735137028879360001,2016-05-24 15:55:00,"<a href=""http://twitter.com/download/iphone"" rel=""nofollow"">Twitter for iPhone</a>",Meet Buckley. His family &amp; some neighbors came over to watch him perform but he's nervous af. 9/10 u got this pupper https://t.co/5bdCpPlno9,9,10,pupper,2870.0,874.0
733822306246479872,2016-05-21 00:50:46,"<a href=""http://twitter.com/download/iphone"" rel=""nofollow"">Twitter for iPhone</a>",This is Moose. He's a Polynesian Floofer. Dapper af. 10/10 would pet diligently https://t.co/mVfqRdppTL,10,10,floofer,3381.0,920.0
732375214819057664,2016-05-17 01:00:32,"<a href=""http://twitter.com/download/iphone"" rel=""nofollow"">Twitter for iPhone</a>",This is Kyle (pronounced 'Mitch'). He strives to be the best doggo he can be. 11/10 would pat on head approvingly https://t.co/aA2GiTGvlE,11,10,doggo,7407.0,2272.0
730573383004487680,2016-05-12 01:40:42,"<a href=""http://twitter.com/download/iphone"" rel=""nofollow"">Twitter for iPhone</a>",This is Rooney. He can't comprehend glass. 10/10 it'll be ok pupper https://t.co/CnUl2uDBBV,10,10,pupper,4445.0,1906.0
728035342121635841,2016-05-05 01:35:26,"<a href=""http://twitter.com/download/iphone"" rel=""nofollow"">Twitter for iPhone</a>",This is all I want in my life. 12/10 for super sleepy pupper https://t.co/4RlLA5ObMh,12,10,pupper,4147.0,1503.0
728015554473250816,2016-05-05 00:16:48,"<a href=""http://twitter.com/download/iphone"" rel=""nofollow"">Twitter for iPhone</a>",This is Rueben. He has reached ultimate pupper zen state. 11/10 tranquil af https://t.co/Z167HgtnBi,11,10,pupper,3779.0,989.0
727644517743104000,2016-05-03 23:42:26,"<a href=""http://twitter.com/download/iphone"" rel=""nofollow"">Twitter for iPhone</a>",Here's a doggo struggling to cope with the winds. 13/10 https://t.co/qv3aUwaouT,13,10,doggo,5358.0,1583.0
727524757080539137,2016-05-03 15:46:33,"<a href=""http://twitter.com/download/iphone"" rel=""nofollow"">Twitter for iPhone</a>",This pupper had to undergo emergency haircut surgery so he could hear again. 10/10 miraculous af https://t.co/fUyDIFkBwx,10,10,pupper,4094.0,1078.0
727314416056803329,2016-05-03 01:50:44,"<a href=""http://twitter.com/download/iphone"" rel=""nofollow"">Twitter for iPhone</a>",This pupper was about to explain where that dirt came from but then decided against it. 11/10 https://t.co/SbaelU6zRs,11,10,pupper,3059.0,670.0
725786712245440512,2016-04-28 20:40:11,"<a href=""http://twitter.com/download/iphone"" rel=""nofollow"">Twitter for iPhone</a>",Say hello to Lillie. She's a Rutabagan Floofem. Poor pupper ate and then passed out. 11/10 relatable af https://t.co/uIdGqug9rw,11,10,pupper,3834.0,1238.0
724771698126512129,2016-04-26 01:26:53,"<a href=""http://twitter.com/download/iphone"" rel=""nofollow"">Twitter for iPhone</a>",Nothin better than a doggo and a sunset. 11/10 https://t.co/JlFqOhrHEs,11,10,doggo,2145.0,566.0
724405726123311104,2016-04-25 01:12:38,"<a href=""http://twitter.com/download/iphone"" rel=""nofollow"">Twitter for iPhone</a>",This is Ashleigh. She's having Coachella withdrawals. Didn't even go tho. 10/10 stay strong pupper https://t.co/nRUaKWnJfH,10,10,pupper,4855.0,1507.0
724004602748780546,2016-04-23 22:38:43,"<a href=""http://twitter.com/download/iphone"" rel=""nofollow"">Twitter for iPhone</a>",This is Luther. He saw a ghost. Spooked af. 11/10 hang in there pupper https://t.co/EdKG43VvEl,11,10,pupper,3826.0,1388.0
721001180231503872,2016-04-15 15:44:11,"<a href=""http://twitter.com/download/iphone"" rel=""nofollow"">Twitter for iPhone</a>",This is Oliver. Bath time is upon him. His fear of the wetness postpones his ultimate pupper destiny. 11/10 https://t.co/AFzzKqR4tT,11,10,pupper,2339.0,550.0
720340705894408192,2016-04-13 19:59:42,"<a href=""http://twitter.com/download/iphone"" rel=""nofollow"">Twitter for iPhone</a>",This is Derek. He just got balled on. Can't even get up. Poor thing. 10/10 hang in there pupper https://t.co/BIRRF3bcWH,10,10,pupper,2620.0,872.0
719991154352222208,2016-04-12 20:50:42,"<a href=""http://twitter.com/download/iphone"" rel=""nofollow"">Twitter for iPhone</a>",This doggo was initially thrilled when she saw the happy cartoon pup but quickly realized she'd been deceived. 10/10 https://t.co/mvnBGaWULV,10,10,doggo,4465.0,1588.0
719704490224398336,2016-04-12 01:51:36,"<a href=""http://twitter.com/download/iphone"" rel=""nofollow"">Twitter for iPhone</a>",This is Clyde. He's making sure you're having a good train ride. 12/10 great pupper https://t.co/y206kWHAj0,12,10,pupper,4170.0,1290.0
717790033953034240,2016-04-06 19:04:14,"<a href=""http://twitter.com/download/iphone"" rel=""nofollow"">Twitter for iPhone</a>","Here's a badass mystery pupper. You weren't aware that you owe him money, but you do. 10/10 shades sick af https://t.co/fv9e9AtzSG",10,10,pupper,2631.0,982.0
717009362452090881,2016-04-04 15:22:08,"<a href=""http://twitter.com/download/iphone"" rel=""nofollow"">Twitter for iPhone</a>",This is Smokey. He's having some sort of existential crisis. 10/10 hang in there pupper https://t.co/JmgF4dMpw0,10,10,pupper,2968.0,864.0
716447146686459905,2016-04-03 02:08:05,"<a href=""http://vine.co"" rel=""nofollow"">Vine - Make a Scene</a>",This is Ozzy. He's acrobatic af. Legendary pupper status achieved. 13/10 https://t.co/gHWsCTu90E,13,10,pupper,11953.0,5290.0
716080869887381504,2016-04-02 01:52:38,"<a href=""http://twitter.com/download/iphone"" rel=""nofollow"">Twitter for iPhone</a>",Here's a super majestic doggo and a sunset 11/10 https://t.co/UACnoyi8zu,11,10,doggo,6223.0,1700.0
712309440758808576,2016-03-22 16:06:19,"<a href=""http://twitter.com/download/iphone"" rel=""nofollow"">Twitter for iPhone</a>","Reminder that we made our first set of stickers available! All are 12/10 would stick
Use code ""pupper"" at checkout🐶

https://t.co/kJIMNyMNKV",12,10,pupper,220.0,24.0
711968124745228288,2016-03-21 17:30:03,"<a href=""http://twitter.com/download/iphone"" rel=""nofollow"">Twitter for iPhone</a>",Meet Winston. He's trapped in a cup of coffee. Poor pupper. 10/10 someone free him https://t.co/2e6cUtKUuc,10,10,pupper,7398.0,2083.0
711008018775851008,2016-03-19 01:54:56,"<a href=""http://twitter.com/download/iphone"" rel=""nofollow"">Twitter for iPhone</a>",This is Chuckles. He had a balloon but he accidentally let go of it and it floated away. 11/10 hang in there pupper https://t.co/68iNM7B5gW,11,10,pupper,2734.0,556.0
710117014656950272,2016-03-16 14:54:24,"<a href=""http://twitter.com/download/iphone"" rel=""nofollow"">Twitter for iPhone</a>",This pupper got her hair chalked for her birthday. Hasn't told her parents yet. Rebellious af. 11/10 very nifty https://t.co/h1OX2mLtxV,11,10,pupper,5010.0,1777.0
708845821941387268,2016-03-13 02:43:08,"<a href=""http://twitter.com/download/iphone"" rel=""nofollow"">Twitter for iPhone</a>",Here's a pupper with magic eyes. Not wearing a seat belt tho (irresponsible af). Very distracting to driver. 9/10 https://t.co/5DLJB4ssvI,9,10,pupper,2737.0,800.0
707411934438625280,2016-03-09 03:45:22,"<a href=""http://twitter.com/download/iphone"" rel=""nofollow"">Twitter for iPhone</a>","""I shall trip the big pupper with leash. Big pupper will never see it coming. I am a genius."" Both 11/10 https://t.co/uQsCJ8pf51",11,10,pupper,2110.0,542.0
707315916783140866,2016-03-08 21:23:50,"<a href=""http://twitter.com/download/iphone"" rel=""nofollow"">Twitter for iPhone</a>",This is Finnegus. He's trapped in a snow globe. Poor pupper. 10/10 would make sure no one shook it https://t.co/BjpOa52jQ4,10,10,pupper,2280.0,576.0
706310011488698368,2016-03-06 02:46:44,"<a href=""http://twitter.com/download/iphone"" rel=""nofollow"">Twitter for iPhone</a>",Here's a very sleepy pupper. Thinks it's an airplane. 12/10 would snug for eternity https://t.co/GGmcTIkBbf,12,10,pupper,19456.0,7113.0
705975130514706432,2016-03-05 04:36:02,"<a href=""http://twitter.com/download/iphone"" rel=""nofollow"">Twitter for iPhone</a>",This is Adele. Her tongue flies out of her mouth at random. It's a debilitating illness. 10/10 stay strong pupper https://t.co/cfn81n3FLO,10,10,pupper,2853.0,659.0
705786532653883392,2016-03-04 16:06:36,"<a href=""http://twitter.com/download/iphone"" rel=""nofollow"">Twitter for iPhone</a>","Seriously, add us 🐶 11/10 for sad wet pupper https://t.co/xwPE9faVZR",11,10,pupper,1789.0,466.0
705428427625635840,2016-03-03 16:23:38,"<a href=""http://twitter.com/download/iphone"" rel=""nofollow"">Twitter for iPhone</a>",This is Ambrose. He's an Alfalfa Ballyhoo. Draws pistol fast af. Pretty much runs the frontier. 11/10 lethal pupper https://t.co/ih6epBOxIA,11,10,pupper,3497.0,1515.0
704859558691414016,2016-03-02 02:43:09,"<a href=""http://twitter.com/download/iphone"" rel=""nofollow"">Twitter for iPhone</a>",Here is a heartbreaking scene of an incredible pupper being laid to rest. 10/10 RIP pupper https://t.co/81mvJ0rGRu,10,10,pupper,2065.0,474.0
704761120771465216,2016-03-01 20:11:59,"<a href=""http://twitter.com/download/iphone"" rel=""nofollow"">Twitter for iPhone</a>",This pupper killed this great white in an epic sea battle. Now wears it as a trophy. Such brave. Much fierce. 13/10 https://t.co/Lu0ECu5tO5,13,10,pupper,6118.0,2616.0
704347321748819968,2016-02-29 16:47:42,"<a href=""http://twitter.com/download/iphone"" rel=""nofollow"">Twitter for iPhone</a>",This is Ralphson. He's very confused. Wondering why he's sitting on Santa's lap in February. 10/10 stay woke pupper https://t.co/INphk4ltkZ,10,10,pupper,1442.0,312.0
704134088924532736,2016-02-29 02:40:23,"<a href=""http://vine.co"" rel=""nofollow"">Vine - Make a Scene</a>",This sneezy pupper is just adorable af. 12/10 (vid by @gwilks1) https://t.co/h5aI0Tim4j,12,10,pupper,1382.0,410.0
703611486317502464,2016-02-27 16:03:45,"<a href=""http://twitter.com/download/iphone"" rel=""nofollow"">Twitter for iPhone</a>",Meet Scooter. He's experiencing the pupper equivalent of dropping ur phone in a toilet 10/10 put it in some rice pup https://t.co/JSmX1FIEaW,10,10,pupper,3535.0,1376.0
703407252292673536,2016-02-27 02:32:12,"<a href=""http://twitter.com/download/iphone"" rel=""nofollow"">Twitter for iPhone</a>",This pupper doesn't understand gates. 10/10 so close https://t.co/GUbFF4o6dZ,10,10,pupper,2249.0,623.0
703268521220972544,2016-02-26 17:20:56,"<a href=""http://twitter.com/download/iphone"" rel=""nofollow"">Twitter for iPhone</a>",Happy Friday here's a sleepy pupper 12/10 https://t.co/eBcqv9SPkY,12,10,pupper,1823.0,494.0
702598099714314240,2016-02-24 20:56:55,"<a href=""http://twitter.com/download/iphone"" rel=""nofollow"">Twitter for iPhone</a>","This is Sansa. She's gotten too big for her chair. Not so smol anymore. 11/10 once a pupper, always a pupper https://t.co/IpAoztle2s",11,10,pupper,11295.0,3125.0
701805642395348998,2016-02-22 16:27:58,"<a href=""http://vine.co"" rel=""nofollow"">Vine - Make a Scene</a>",Please pray for this pupper. Nothing wrong with her she just can't stop getting hit with banana peels. 11/10 https://t.co/8sdVenUAqr,11,10,pupper,3107.0,1503.0
701545186879471618,2016-02-21 23:13:01,"<a href=""http://twitter.com/download/iphone"" rel=""nofollow"">Twitter for iPhone</a>",Meet Millie. She's practicing her dive form for Rio. It's nearly perfect. Dedicated af. 10/10 go for gold pupper https://t.co/SDVkc4m96M,10,10,pupper,2446.0,549.0
700864154249383937,2016-02-20 02:06:50,"<a href=""http://twitter.com/download/iphone"" rel=""nofollow"">Twitter for iPhone</a>","""Pupper is a present to world. Here is a bow for pupper."" 12/10 precious as hell https://t.co/ItSsE92gCW",12,10,pupper,2390.0,554.0
700151421916807169,2016-02-18 02:54:41,"<a href=""http://twitter.com/download/iphone"" rel=""nofollow"">Twitter for iPhone</a>",If a pupper gave that to me I'd probably start shaking and faint from all the joy. 11/10 https://t.co/o9aJVPB25n,11,10,pupper,2048.0,606.0
700143752053182464,2016-02-18 02:24:13,"<a href=""http://twitter.com/download/iphone"" rel=""nofollow"">Twitter for iPhone</a>",When it's Janet from accounting's birthday but you can't eat the cake cuz it's chocolate. 10/10 hang in there pupper https://t.co/Fbdr5orUrJ,10,10,pupper,6892.0,2425.0
699801817392291840,2016-02-17 03:45:29,"<a href=""http://twitter.com/download/iphone"" rel=""nofollow"">Twitter for iPhone</a>",This is Cooper. He began to tear up when his bone was taken from him. 11/10 stay strong pupper https://t.co/qI8yvqKG02,11,10,pupper,2768.0,845.0
699434518667751424,2016-02-16 03:25:58,"<a href=""http://twitter.com/download/iphone"" rel=""nofollow"">Twitter for iPhone</a>",I know this is a tad late but here's a wonderful Valentine's Day pupper 12/10 https://t.co/hTE2PEwGvi,12,10,pupper,2022.0,464.0
699036661657767936,2016-02-15 01:05:02,"<a href=""http://twitter.com/download/iphone"" rel=""nofollow"">Twitter for iPhone</a>",HAPPY V-DAY FROM YOUR FAV PUPPER SQUAD 13/10 for all https://t.co/7u6VnZ1UFe,13,10,pupper,2393.0,1087.0
697616773278015490,2016-02-11 03:02:54,"<a href=""http://twitter.com/download/iphone"" rel=""nofollow"">Twitter for iPhone</a>",This pupper doubles as a hallway rug. Very rare. Versatile af. 11/10 https://t.co/Jxd5pR02Cn,11,10,pupper,2887.0,919.0
697596423848730625,2016-02-11 01:42:02,"<a href=""http://twitter.com/download/iphone"" rel=""nofollow"">Twitter for iPhone</a>",Here's a pupper with a piece of pizza. Two of everybody's favorite things in one photo. 11/10 https://t.co/5USjFjKI7Z,11,10,pupper,2760.0,1130.0
696877980375769088,2016-02-09 02:07:12,"<a href=""http://twitter.com/download/iphone"" rel=""nofollow"">Twitter for iPhone</a>",This is Misty. She's in a predicament. Not sure what next move should be. 9/10 stay calm pupper I'm comin https://t.co/XhR7PAgcwF,9,10,pupper,2250.0,635.0
696713835009417216,2016-02-08 15:14:57,"<a href=""http://twitter.com/download/iphone"" rel=""nofollow"">Twitter for iPhone</a>",This is Trevith. He's a Swiss Mountain Roadwoof. Breeze too powerful. 9/10 stay strong pupper https://t.co/6J8Ibwy1X6,9,10,pupper,2168.0,583.0
696518437233913856,2016-02-08 02:18:30,"<a href=""http://twitter.com/download/iphone"" rel=""nofollow"">Twitter for iPhone</a>",Oh my god 10/10 for every little hot dog pupper,10,10,pupper,3621.0,1560.0
696100768806522880,2016-02-06 22:38:50,"<a href=""http://vine.co"" rel=""nofollow"">Vine - Make a Scene</a>",This poor pupper has been stuck in a vortex since last week. Please keep her in your thoughts. 10/10 https://t.co/7ODQWHwYDx,10,10,pupper,1770.0,583.0
695095422348574720,2016-02-04 04:03:57,"<a href=""http://twitter.com/download/iphone"" rel=""nofollow"">Twitter for iPhone</a>",This is just a beautiful pupper good shit evolution. 12/10 https://t.co/2L8pI0Z2Ib,12,10,pupper,2449.0,548.0
695074328191332352,2016-02-04 02:40:08,"<a href=""http://twitter.com/download/iphone"" rel=""nofollow"">Twitter for iPhone</a>",This is Lorenzo. He's educated af. Just graduated college. 11/10 poor pupper can't even comprehend his debt https://t.co/dH3GzcjCtQ,11,10,pupper,2599.0,987.0
694356675654983680,2016-02-02 03:08:26,"<a href=""http://twitter.com/download/iphone"" rel=""nofollow"">Twitter for iPhone</a>","This pupper only appears through the hole of a Funyun. Much like Phineas, this one is also mysterious af. 10/10 https://t.co/SQsEBWxPyG",10,10,pupper,1387.0,250.0
694329668942569472,2016-02-02 01:21:07,"<a href=""http://twitter.com/download/iphone"" rel=""nofollow"">Twitter for iPhone</a>",Meet Grady. He's very hungry. Too bad no one can find his food bowl. 9/10 poor pupper https://t.co/oToIkYnEGn,9,10,pupper,1817.0,449.0
693629975228977152,2016-01-31 03:00:47,"<a href=""http://twitter.com/download/iphone"" rel=""nofollow"">Twitter for iPhone</a>",This pupper is afraid of its own feet. 12/10 would comfort https://t.co/Tn9Mp0oPoJ,12,10,pupper,2255.0,719.0
693590843962331137,2016-01-31 00:25:18,"<a href=""http://twitter.com/download/iphone"" rel=""nofollow"">Twitter for iPhone</a>",Meet Phil. He's big af. Currently destroying this nice family home. Completely uncalled for. 3/10 not a good pupper https://t.co/fShNNhBWYx,3,10,pupper,4645.0,1774.0
693262851218264065,2016-01-30 02:41:58,"<a href=""http://twitter.com/download/iphone"" rel=""nofollow"">Twitter for iPhone</a>",I hope you guys enjoy this beautiful snowy pupper as much as I did. 11/10 https://t.co/DYUsHtL2aR,11,10,pupper,2040.0,450.0
693095443459342336,2016-01-29 15:36:45,"<a href=""http://twitter.com/download/iphone"" rel=""nofollow"">Twitter for iPhone</a>",This is Milo. He doesn't understand your fancy human gestures. Will lick instead. 10/10 can't faze this pupper https://t.co/OhodPIDOpW,10,10,pupper,1694.0,403.0
692905862751522816,2016-01-29 03:03:25,"<a href=""http://twitter.com/download/iphone"" rel=""nofollow"">Twitter for iPhone</a>",This is Wally. He's being abducted by aliens. 10/10 poor pupper https://t.co/EiF659Bgjn,10,10,pupper,2230.0,787.0
692828166163931137,2016-01-28 21:54:41,"<a href=""http://twitter.com/download/iphone"" rel=""nofollow"">Twitter for iPhone</a>",This pupper just descended from heaven. 12/10 can probably fly https://t.co/X6X9wM7NuS,12,10,pupper,2651.0,794.0
692752401762250755,2016-01-28 16:53:37,"<a href=""http://twitter.com/download/iphone"" rel=""nofollow"">Twitter for iPhone</a>","""Hello yes could I get one pupper to go please thank you""
Both 13/10 https://t.co/kYWcXbluUu",13,10,pupper,6265.0,3292.0
692417313023332352,2016-01-27 18:42:06,"<a href=""http://twitter.com/download/iphone"" rel=""nofollow"">Twitter for iPhone</a>",Meet Herschel. He's slightly bigger than ur average pupper. Looks lonely. Could probably ride 7/10 would totally pet https://t.co/VGaIMktX10,7,10,pupper,8630.0,3125.0
690015576308211712,2016-01-21 03:38:27,"<a href=""http://twitter.com/download/iphone"" rel=""nofollow"">Twitter for iPhone</a>",This pupper can only sleep on shoes. It's a crippling disease. Tearing his family apart. 12/10 I'd totally pet tho https://t.co/03XlvS8izg,12,10,pupper,2293.0,658.0
689993469801164801,2016-01-21 02:10:37,"<a href=""http://vine.co"" rel=""nofollow"">Vine - Make a Scene</a>",Here we are witnessing a rare High Stepping Alaskan Floofer. 12/10 dangerously petable (vid by @TheMrsNux) https://t.co/K4s9IJh2jm,12,10,floofer,1346.0,404.0
689905486972461056,2016-01-20 20:21:00,"<a href=""http://twitter.com/download/iphone"" rel=""nofollow"">Twitter for iPhone</a>","Say hello to Gizmo. He's quite the pupper. Confused by bed, but agile af. Can barely catch on camera. 11/10 so quick https://t.co/IE4ZblyZRY",11,10,pupper,2253.0,619.0
689623661272240129,2016-01-20 01:41:08,"<a href=""http://twitter.com/download/iphone"" rel=""nofollow"">Twitter for iPhone</a>",This is Lucy. She's terrified of the stuffed billed dog. 10/10 stay strong pupper https://t.co/QnvSjjyh7n,10,10,pupper,2036.0,577.0
689143371370250240,2016-01-18 17:52:38,"<a href=""http://twitter.com/download/iphone"" rel=""nofollow"">Twitter for iPhone</a>",Meet Trip. He likes wearing costumes that aren't consistent with the season to screw with people 10/10 tricky pupper https://t.co/40w7TI5Axv,10,10,pupper,1859.0,454.0
688916208532455424,2016-01-18 02:49:58,"<a href=""http://twitter.com/download/iphone"" rel=""nofollow"">Twitter for iPhone</a>",This pupper just wants to say hello. 11/10 would knock down fence for https://t.co/A8X8fwS78x,11,10,pupper,2490.0,771.0
688894073864884227,2016-01-18 01:22:00,"<a href=""http://twitter.com/download/iphone"" rel=""nofollow"">Twitter for iPhone</a>",This is Hamrick. He's covered in corn flakes. Silly pupper. Looks congested. 7/10 considerably petable https://t.co/ROPZcAMQKI,7,10,pupper,2055.0,618.0
688519176466644993,2016-01-17 00:32:18,"<a href=""http://twitter.com/download/iphone"" rel=""nofollow"">Twitter for iPhone</a>",This pupper is sprouting a flower out of her head. 12/10 revolutionary af https://t.co/glmvQBRjv4,12,10,pupper,2144.0,656.0
688179443353796608,2016-01-16 02:02:19,"<a href=""http://twitter.com/download/iphone"" rel=""nofollow"">Twitter for iPhone</a>",This is Lizzie. She's about to fist bump the large ridable maned pupper. She's very excited. 10/10 for both dogs https://t.co/mFhvtX36om,10,10,pupper,1976.0,527.0
687818504314159109,2016-01-15 02:08:05,"<a href=""http://twitter.com/download/iphone"" rel=""nofollow"">Twitter for iPhone</a>",With great pupper comes great responsibility. 12/10 https://t.co/hK6xB042EP,12,10,pupper,2278.0,861.0
687704180304273409,2016-01-14 18:33:48,"<a href=""http://twitter.com/download/iphone"" rel=""nofollow"">Twitter for iPhone</a>",Say hello to Blakely. He thinks that's a hat. Silly pupper. That's a nanner. 9/10 https://t.co/UwOV1jqKRt,9,10,pupper,2234.0,764.0
687476254459715584,2016-01-14 03:28:06,"<a href=""http://twitter.com/download/iphone"" rel=""nofollow"">Twitter for iPhone</a>",This is Curtis. He's a fluffball. 11/10 would snug this pupper https://t.co/1DzInODwrj,11,10,pupper,1824.0,480.0
687312378585812992,2016-01-13 16:36:55,"<a href=""http://twitter.com/download/iphone"" rel=""nofollow"">Twitter for iPhone</a>","""You got any games on your phone"" 7/10 for invasive brown Dalmatian pupper https://t.co/yzGR9xjE9Q",7,10,pupper,3997.0,1725.0
687096057537363968,2016-01-13 02:17:20,"<a href=""http://twitter.com/download/iphone"" rel=""nofollow"">Twitter for iPhone</a>",This pupper's New Year's resolution was to become a Hershey's kiss. 11/10 she's super pumped about it https://t.co/D7jYj6vdwC,11,10,pupper,2072.0,550.0
686760001961103360,2016-01-12 04:01:58,"<a href=""http://vine.co"" rel=""nofollow"">Vine - Make a Scene</a>",This pupper forgot how to walk. 12/10 happens to all of us (vid by @bbuckley96) https://t.co/KFTrkSOuu3,12,10,pupper,3229.0,1254.0
686683045143953408,2016-01-11 22:56:10,"<a href=""http://twitter.com/download/iphone"" rel=""nofollow"">Twitter for iPhone</a>",This is Mona. She's a Yarborough Splishnsplash. Lost body during Nam. 11/10 revolutionary pupper https://t.co/pgD6h0yhgz,11,10,pupper,2602.0,728.0
686618349602762752,2016-01-11 18:39:05,"<a href=""http://twitter.com/download/iphone"" rel=""nofollow"">Twitter for iPhone</a>",This is Olivia. She just saw an adult wearing crocs. 11/10 poor pupper. No one should witness such a thing https://t.co/yJVTi1DjJc,11,10,pupper,3402.0,1236.0
686377065986265092,2016-01-11 02:40:19,"<a href=""http://twitter.com/download/iphone"" rel=""nofollow"">Twitter for iPhone</a>",Meet Birf. He thinks he's gone blind. 10/10 very frightened pupper https://t.co/oDkspjNWYX,10,10,pupper,2039.0,513.0
686007916130873345,2016-01-10 02:13:27,"<a href=""http://twitter.com/download/iphone"" rel=""nofollow"">Twitter for iPhone</a>",This pupper has a magical eye. 11/10 I can't stop looking at it https://t.co/heAGpKTpPW,11,10,pupper,2271.0,362.0
685943807276412928,2016-01-09 21:58:42,"<a href=""http://twitter.com/download/iphone"" rel=""nofollow"">Twitter for iPhone</a>",This is the newly formed pupper a capella group. They're just starting out but I see tons of potential. 8/10 for all https://t.co/wbAcvFoNtn,8,10,pupper,1494.0,532.0
685667379192414208,2016-01-09 03:40:16,"<a href=""http://twitter.com/download/iphone"" rel=""nofollow"">Twitter for iPhone</a>",This is Marty. He has no idea what happened here. Never seen this stuff in his life. 9/10 very suspicious pupper https://t.co/u427woxFpJ,9,10,pupper,2179.0,506.0
685641971164143616,2016-01-09 01:59:19,"<a href=""http://twitter.com/download/iphone"" rel=""nofollow"">Twitter for iPhone</a>",This is Otis. He just passed a cop while going 61 in a 45. Very nervous pupper. 7/10 https://t.co/jJS8qQeuNO,7,10,pupper,2680.0,693.0
685547936038666240,2016-01-08 19:45:39,"<a href=""http://twitter.com/download/iphone"" rel=""nofollow"">Twitter for iPhone</a>",Everybody needs to read this. Jack is our first 14/10. Truly heroic pupper https://t.co/3m6bNGXWnM,14,10,pupper,30242.0,14059.0
685307451701334016,2016-01-08 03:50:03,"<a href=""http://twitter.com/download/iphone"" rel=""nofollow"">Twitter for iPhone</a>",Say hello to Petrick. He's an Altostratus Floofer. Just had a run in with a trash bag. Groovy checkered floor. 11/10 https://t.co/rwW7z1JAOF,11,10,floofer,1916.0,395.0
685268753634967552,2016-01-08 01:16:17,"<a href=""http://twitter.com/download/iphone"" rel=""nofollow"">Twitter for iPhone</a>",This is Hubertson. He's a Carmel Haberdashery. Enjoys long summer days on his boat. Very peaceful pupper. 10/10 https://t.co/vzCl35fKlZ,10,10,pupper,2827.0,1070.0
685169283572338688,2016-01-07 18:41:01,"<a href=""http://twitter.com/download/iphone"" rel=""nofollow"">Twitter for iPhone</a>",Meet Gerbald. He just found out he's adopted. Poor pupper. Snazzy tongue tho. 11/10 would hold close in time of need https://t.co/UfGkB9Wrud,11,10,pupper,3766.0,1271.0
684880619965411328,2016-01-06 23:33:58,"<a href=""http://twitter.com/download/iphone"" rel=""nofollow"">Twitter for iPhone</a>",Here we have a basking dino pupper. Looks powerful. Occasionally shits eggs. Doesn't want the holidays to end. 5/10 https://t.co/DnNweb5eTO,5,10,pupper,1918.0,722.0
684830982659280897,2016-01-06 20:16:44,"<a href=""http://vine.co"" rel=""nofollow"">Vine - Make a Scene</a>",This little fella really hates stairs. Prefers bush. 13/10 legendary pupper https://t.co/e3LPMAHj7p,13,10,pupper,32236.0,19594.0
684588130326986752,2016-01-06 04:11:43,"<a href=""http://vine.co"" rel=""nofollow"">Vine - Make a Scene</a>",This pupper just got his first kiss. 12/10 he's so happy https://t.co/2sHwD7HztL,12,10,pupper,3796.0,1273.0
684147889187209216,2016-01-04 23:02:22,"<a href=""http://vine.co"" rel=""nofollow"">Vine - Make a Scene</a>",This is Sweets the English Bulldog. Waves back to other bikers. 12/10 just a fantastic friendly pupper https://t.co/WYiFzuX7D4,12,10,pupper,2730.0,1363.0
683834909291606017,2016-01-04 02:18:42,"<a href=""http://twitter.com/download/iphone"" rel=""nofollow"">Twitter for iPhone</a>",Here we see a faulty pupper. Might need to replace batteries. Try turning off &amp; back on again. 9/10 would still pet https://t.co/O1E4AtHVxO,9,10,pupper,2404.0,1017.0
683828599284170753,2016-01-04 01:53:37,"<a href=""http://twitter.com/download/iphone"" rel=""nofollow"">Twitter for iPhone</a>",Breathtaking pupper here. Should be on the cover of Dogue. Top-notch tongue. Appears considerably fluffy. 12/10 https://t.co/Eeh3yfdglS,12,10,pupper,2574.0,969.0
683481228088049664,2016-01-03 02:53:17,"<a href=""http://twitter.com/download/iphone"" rel=""nofollow"">Twitter for iPhone</a>",Meet Banjo. He's a Peppercorn Shoop Da Whoop. Nails look lethal. Skeptical of luminescent orb 11/10 stay woke pupper https://t.co/H7NZFumpKq,11,10,pupper,2440.0,901.0
683462770029932544,2016-01-03 01:39:57,"<a href=""http://twitter.com/download/iphone"" rel=""nofollow"">Twitter for iPhone</a>","""Hello forest pupper I am house pupper welcome to my abode"" (8/10 for both) https://t.co/qFD8217fUT",8,10,pupper,2236.0,619.0
683142553609318400,2016-01-02 04:27:31,"<a href=""http://twitter.com/download/iphone"" rel=""nofollow"">Twitter for iPhone</a>",Meet Brandy. She's a member of the Bloods. Menacing criminal pupper. Soft spot for flowers tho. 9/10 pet w caution https://t.co/hhIA3coiAJ,9,10,pupper,2638.0,929.0
683111407806746624,2016-01-02 02:23:45,"<a href=""http://twitter.com/download/iphone"" rel=""nofollow"">Twitter for iPhone</a>",This is Larry. He thought the New Year's parties were tonight. 10/10 poor pupper. Maybe next year https://t.co/h3X0jK8MVM,10,10,pupper,3130.0,814.0
683078886620553216,2016-01-02 00:14:32,"<a href=""http://twitter.com/download/iphone"" rel=""nofollow"">Twitter for iPhone</a>",Here we see a nifty leaping pupper. Feet look deadly. Sad that the holidays are over. 9/10 undeniably huggable https://t.co/ny8mnXhGOW,9,10,pupper,1851.0,516.0
682788441537560576,2016-01-01 05:00:24,"<a href=""http://twitter.com/download/iphone"" rel=""nofollow"">Twitter for iPhone</a>","Happy New Year from your fav holiday squad! 🎉 12/10 for all

Here's to a pupper-filled year 🍻🐶🐶🐶 https://t.co/ZSdEj59FGf",12,10,pupper,2276.0,1015.0
682406705142087680,2015-12-31 03:43:31,"<a href=""http://twitter.com/download/iphone"" rel=""nofollow"">Twitter for iPhone</a>",This is Patrick. He's a bigass pupper. 7/10 https://t.co/J9DXBFoAQe,7,10,pupper,6941.0,1582.0
681891461017812993,2015-12-29 17:36:07,"<a href=""http://twitter.com/download/iphone"" rel=""nofollow"">Twitter for iPhone</a>",Say hello to Charlie. He's scholarly af. Quite intimidating with all his pupper knowledge 10/10 even built that fire https://t.co/9KThv6z8u5,10,10,pupper,2266.0,743.0
681694085539872773,2015-12-29 04:31:49,"<a href=""http://twitter.com/download/iphone"" rel=""nofollow"">Twitter for iPhone</a>",This is Bo. He's a Benedoop Cumbersnatch. Seems frustrated with own feet. Portable as hell. 11/10 very solid pupper https://t.co/TONMhRoQh7,11,10,pupper,11773.0,3675.0
681679526984871937,2015-12-29 03:33:58,"<a href=""http://twitter.com/download/iphone"" rel=""nofollow"">Twitter for iPhone</a>",Can you spot Toby the guilty pupper? 7/10 would be higher but he made quite the mess shredding his stuffed pals https://t.co/3uCcDEJLXs,7,10,pupper,1629.0,399.0
681654059175129088,2015-12-29 01:52:46,"<a href=""http://twitter.com/download/iphone"" rel=""nofollow"">Twitter for iPhone</a>",This is Toffee. He's a happy pupper. Appears dangerously fluffy. Extraordinarily spherical. 12/10 would pet firmly https://t.co/oEXEKt3MHu,12,10,pupper,2411.0,819.0
681231109724700672,2015-12-27 21:52:07,"<a href=""http://twitter.com/download/iphone"" rel=""nofollow"">Twitter for iPhone</a>",I just love this pic. 11/10 this pupper is going places https://t.co/P16uhh1PbI,11,10,pupper,2227.0,434.0
680836378243002368,2015-12-26 19:43:36,"<a href=""http://twitter.com/download/iphone"" rel=""nofollow"">Twitter for iPhone</a>",This is Ellie. She's secretly ferocious. 12/10 very deadly pupper https://t.co/BF4BW8LUgb,12,10,pupper,3170.0,1180.0
680473011644985345,2015-12-25 19:39:43,"<a href=""http://twitter.com/download/iphone"" rel=""nofollow"">Twitter for iPhone</a>","This is Hector. He thinks he's a hammer. Silly Hector. You're a pupper, not a hammer. 10/10 https://t.co/OdUFuZIXiI",10,10,pupper,2338.0,666.0
680191257256136705,2015-12-25 01:00:07,"<a href=""http://twitter.com/download/iphone"" rel=""nofollow"">Twitter for iPhone</a>",Here's a sleepy Christmas pupper 11/10 https://t.co/KXg0f8GNQ9,11,10,pupper,1968.0,440.0
680176173301628928,2015-12-25 00:00:11,"<a href=""http://twitter.com/download/iphone"" rel=""nofollow"">Twitter for iPhone</a>",This pupper is patiently waiting to scare the shit out of Santa. 10/10 https://t.co/NhXo67K6yt,10,10,pupper,3543.0,1388.0
680145970311643136,2015-12-24 22:00:10,"<a href=""http://twitter.com/download/iphone"" rel=""nofollow"">Twitter for iPhone</a>",Say hello to Kawhi. He was doing fine until his hat fell off. He got it back though. 10/10 deep breaths pupper https://t.co/N5pM6WBx7e,10,10,pupper,3297.0,1553.0
680100725817409536,2015-12-24 19:00:23,"<a href=""https://about.twitter.com/products/tweetdeck"" rel=""nofollow"">TweetDeck</a>",This pupper is not coming inside until she catches a snowflake on her tongue. 11/10 the determination is palpable https://t.co/lvMYbmKq8H,11,10,pupper,3288.0,1242.0
679828447187857408,2015-12-24 00:58:27,"<a href=""http://twitter.com/download/iphone"" rel=""nofollow"">Twitter for iPhone</a>",Everybody look at this beautiful pupper 13/10 https://t.co/hyAC5Hq9GC,13,10,pupper,32990.0,12505.0
679777920601223168,2015-12-23 21:37:40,"<a href=""http://twitter.com/download/iphone"" rel=""nofollow"">Twitter for iPhone</a>",This is Rinna. She's melting. 10/10 get inside pupper https://t.co/PA0czwucsb,10,10,pupper,2847.0,989.0
679527802031484928,2015-12-23 05:03:47,"<a href=""http://twitter.com/download/iphone"" rel=""nofollow"">Twitter for iPhone</a>",This little pupper just arrived. 11/10 would snug https://t.co/DA5aqnSGfB,11,10,pupper,2409.0,646.0
679503373272485890,2015-12-23 03:26:43,"<a href=""http://twitter.com/download/iphone"" rel=""nofollow"">Twitter for iPhone</a>",This is Dwight. He's a pointy pupper. Very docile. Attracts marshmallows. Hurts to pet but definitely worth it 8/10 https://t.co/jjW7zTxY9Z,8,10,pupper,2895.0,1327.0
678800283649069056,2015-12-21 04:52:53,"<a href=""http://twitter.com/download/iphone"" rel=""nofollow"">Twitter for iPhone</a>",Here's a pupper with some mean tan lines. Snazzy sweater though 12/10 https://t.co/DpCSVsl6vu,12,10,pupper,2348.0,815.0
678708137298427904,2015-12-20 22:46:44,"<a href=""http://vine.co"" rel=""nofollow"">Vine - Make a Scene</a>",Here we are witnessing a wild field pupper. Lost his wallet in there. Rather unfortunate. 10/10 good luck pup https://t.co/sZy9Co74Bw,10,10,pupper,5101.0,2173.0
678389028614488064,2015-12-20 01:38:42,"<a href=""http://twitter.com/download/iphone"" rel=""nofollow"">Twitter for iPhone</a>","This is Bella. She just learned that her final grade in chem was a 92.49 
poor pupper 11/10 https://t.co/auOoKuoveM",11,10,pupper,1708.0,379.0
678341075375947776,2015-12-19 22:28:09,"<a href=""http://twitter.com/download/iphone"" rel=""nofollow"">Twitter for iPhone</a>",This pupper likes tape. 12/10 https://t.co/cSp6w5GWgm,12,10,pupper,1568.0,471.0
678278586130948096,2015-12-19 18:19:51,"<a href=""http://twitter.com/download/iphone"" rel=""nofollow"">Twitter for iPhone</a>",Another spooky pupper here. Most definitely floating. No legs. Probably knows some dark magic. 10/10 very spooked https://t.co/JK8MByRzgj,10,10,pupper,10377.0,5463.0
677557565589463040,2015-12-17 18:34:46,"<a href=""http://twitter.com/download/iphone"" rel=""nofollow"">Twitter for iPhone</a>",Reckless pupper here. Not even looking at road. Absolute menace. No regard for fellow pupper lives. 10/10 still cute https://t.co/96IBkOYB7j,10,10,pupper,2208.0,1010.0
677269281705472000,2015-12-16 23:29:14,"<a href=""http://twitter.com/download/iphone"" rel=""nofollow"">Twitter for iPhone</a>",This is the happiest pupper I've ever seen. 10/10 would trade lives with https://t.co/ep8ATEJwRb,10,10,pupper,1789.0,632.0
676936541936185344,2015-12-16 01:27:03,"<a href=""http://twitter.com/download/iphone"" rel=""nofollow"">Twitter for iPhone</a>",Here we see a rare pouched pupper. Ample storage space. Looks alert. Jumps at random. Kicked open that door. 8/10 https://t.co/mqvaxleHRz,8,10,pupper,11567.0,4410.0
676916996760600576,2015-12-16 00:09:23,"<a href=""http://vine.co"" rel=""nofollow"">Vine - Make a Scene</a>",Super speedy pupper. Does not go gentle into that goodnight. 10/10 https://t.co/uPXBXS1XNb,10,10,pupper,2683.0,1609.0
676819651066732545,2015-12-15 17:42:34,"<a href=""http://twitter.com/download/iphone"" rel=""nofollow"">Twitter for iPhone</a>",Watch out Airbud. This pupper is also good at the sports. 12/10 I'm thinking D1 https://t.co/1HrFdo7M0C,12,10,pupper,1652.0,598.0
676617503762681856,2015-12-15 04:19:18,"<a href=""http://twitter.com/download/iphone"" rel=""nofollow"">Twitter for iPhone</a>",I promise this wasn't meant to be a cuteness overload account but ermergerd look at this cozy pupper. 13/10 https://t.co/mpQl2rJjDh,13,10,pupper,2612.0,852.0
676603393314578432,2015-12-15 03:23:14,"<a href=""http://twitter.com/download/iphone"" rel=""nofollow"">Twitter for iPhone</a>",This is Godzilla pupper. He had a ruff childhood &amp; now deflects that pain outward by terrorizing cities. Tragic 9/10 https://t.co/g1tLGkyaxr,9,10,pupper,1035.0,338.0
676593408224403456,2015-12-15 02:43:33,"<a href=""http://vine.co"" rel=""nofollow"">Vine - Make a Scene</a>",This pupper loves leaves. 11/10 for committed leaf lover https://t.co/APvLqbEhkF,11,10,pupper,4116.0,1882.0
676575501977128964,2015-12-15 01:32:24,"<a href=""http://twitter.com/download/iphone"" rel=""nofollow"">Twitter for iPhone</a>",This pupper is very passionate about Christmas. Wanted to give the tree a hug. So cute. 8/10 https://t.co/NsGyECJuq7,8,10,pupper,2320.0,982.0
676470639084101634,2015-12-14 18:35:43,"<a href=""http://twitter.com/download/iphone"" rel=""nofollow"">Twitter for iPhone</a>",Three generations of pupper. 11/10 for all https://t.co/tAmQYvzrau,11,10,pupper,10527.0,4156.0
676263575653122048,2015-12-14 04:52:55,"<a href=""http://twitter.com/download/iphone"" rel=""nofollow"">Twitter for iPhone</a>",All this pupper wanted to do was go skiing. No one told him about the El Niño. Poor pupper. 10/10 maybe next year https://t.co/fTgbq1UBR9,10,10,pupper,1885.0,483.0
675898130735476737,2015-12-13 04:40:46,"<a href=""http://twitter.com/download/iphone"" rel=""nofollow"">Twitter for iPhone</a>",I'm sure you've all seen this pupper. Not prepared at all for the flying disc of terror. 10/10 https://t.co/G0pQiFGM7O,10,10,pupper,1439.0,505.0
675845657354215424,2015-12-13 01:12:15,"<a href=""http://twitter.com/download/iphone"" rel=""nofollow"">Twitter for iPhone</a>","This is Pepper. She's not fully comfortable riding her imaginary bike yet. 10/10 don't worry pupper, it gets easier https://t.co/40dj4eTsXG",10,10,pupper,2039.0,773.0
675740360753160193,2015-12-12 18:13:51,"<a href=""http://twitter.com/download/iphone"" rel=""nofollow"">Twitter for iPhone</a>",Here's a pupper licking in slow motion. 12/10 please enjoy https://t.co/AUJi8ujxw9,12,10,pupper,1055.0,295.0
675334060156301312,2015-12-11 15:19:21,"<a href=""http://twitter.com/download/iphone"" rel=""nofollow"">Twitter for iPhone</a>",Good morning here's a grass pupper. 12/10 https://t.co/2d68FmWGGs,12,10,pupper,2477.0,1127.0
675113801096802304,2015-12-11 00:44:07,"<a href=""http://twitter.com/download/iphone"" rel=""nofollow"">Twitter for iPhone</a>",Meet Zuzu. He just graduated college. Astute pupper. Needs 2 leashes to contain him. Wasn't ready for the pic. 10/10 https://t.co/2H5SKmk0k7,10,10,pupper,1730.0,684.0
675006312288268288,2015-12-10 17:37:00,"<a href=""http://twitter.com/download/iphone"" rel=""nofollow"">Twitter for iPhone</a>",Say hello to Mollie. This pic was taken after she bet all her toys on Ronda Rousey. 10/10 hang in there pupper https://t.co/QMmAqA9VqO,10,10,pupper,873.0,200.0
674774481756377088,2015-12-10 02:15:47,"<a href=""http://twitter.com/download/iphone"" rel=""nofollow"">Twitter for iPhone</a>",This is Superpup. His head isn't proportional to his body. Has yet to serve any justice. 11/10 maybe one day pupper https://t.co/gxIFgg8ktm,11,10,pupper,978.0,406.0
674737130913071104,2015-12-09 23:47:22,"<a href=""http://twitter.com/download/iphone"" rel=""nofollow"">Twitter for iPhone</a>",Meet Rufio. He is unaware of the pink legless pupper wrapped around him. Might want to get that checked 10/10 &amp; 4/10 https://t.co/KNfLnYPmYh,10,10,pupper,578.0,80.0
674638615994089473,2015-12-09 17:15:54,"<a href=""http://twitter.com/download/iphone"" rel=""nofollow"">Twitter for iPhone</a>",This pupper is fed up with being tickled. 12/10 I'm currently working on an elaborate heist to steal this dog https://t.co/F33n1hy3LL,12,10,pupper,1512.0,509.0
674447403907457024,2015-12-09 04:36:06,"<a href=""http://twitter.com/download/iphone"" rel=""nofollow"">Twitter for iPhone</a>",This pupper just wants a belly rub. This pupper has nothing to do w the tree being sideways now. 10/10 good pupper https://t.co/AyJ7Ohk71f,10,10,pupper,953.0,314.0
674318007229923329,2015-12-08 20:01:55,"<a href=""http://twitter.com/download/iphone"" rel=""nofollow"">Twitter for iPhone</a>",This is Lennon. He's in quite the predicament. 8/10 hang in there pupper https://t.co/7mf8XXPAZv,8,10,pupper,1248.0,449.0
674262580978937856,2015-12-08 16:21:41,"<a href=""http://twitter.com/download/iphone"" rel=""nofollow"">Twitter for iPhone</a>",This is Gus. He's super stoked about being an elephant. Couldn't be happier. 9/10 for elephant pupper https://t.co/gJS1qU0jP7,9,10,pupper,1172.0,380.0
674038233588723717,2015-12-08 01:30:12,"<a href=""http://twitter.com/download/iphone"" rel=""nofollow"">Twitter for iPhone</a>",This is Kaiya. She's an aspiring shoe model. 12/10 follow your dreams pupper https://t.co/nX8FiGRHvk,12,10,pupper,976.0,366.0
673956914389192708,2015-12-07 20:07:04,"<a href=""http://twitter.com/download/iphone"" rel=""nofollow"">Twitter for iPhone</a>",This is one esteemed pupper. Just graduated college. 10/10 what a champ https://t.co/nyReCVRiyd,10,10,pupper,1742.0,833.0
673919437611909120,2015-12-07 17:38:09,"<a href=""http://twitter.com/download/iphone"" rel=""nofollow"">Twitter for iPhone</a>",This is Obie. He is on guard watching for evildoers from the comfort of his pumpkin. Very brave pupper. 11/10 https://t.co/cdwPTsGEAb,11,10,pupper,1055.0,325.0
673707060090052608,2015-12-07 03:34:14,"<a href=""http://twitter.com/download/iphone"" rel=""nofollow"">Twitter for iPhone</a>",This is Raymond. He's absolutely terrified of floating tennis ball. 10/10 it'll be ok pupper https://t.co/QyH1CaY3SM,10,10,pupper,987.0,346.0
673697980713705472,2015-12-07 02:58:09,"<a href=""http://twitter.com/download/iphone"" rel=""nofollow"">Twitter for iPhone</a>",This is Pickles. She's a tiny pointy pupper. Average walker. Very skeptical of wet leaf. 8/10 https://t.co/lepRCaGcgw,8,10,pupper,3497.0,1688.0
673656262056419329,2015-12-07 00:12:23,"<a href=""http://twitter.com/download/iphone"" rel=""nofollow"">Twitter for iPhone</a>",This is Albert AKA King Banana Peel. He's a kind ruler of the kitchen. Very jubilant pupper. 10/10 overall great dog https://t.co/PN8hxgZ9We,10,10,pupper,650.0,198.0
673612854080196609,2015-12-06 21:19:54,"<a href=""http://twitter.com/download/iphone"" rel=""nofollow"">Twitter for iPhone</a>",This is Jeffri. He's a speckled ice pupper. Very lazy. Enjoys the occasional swim. Rather majestic really. 7/10 https://t.co/0iyItbtkr8,7,10,pupper,1424.0,629.0
673363615379013632,2015-12-06 04:49:31,"<a href=""http://twitter.com/download/iphone"" rel=""nofollow"">Twitter for iPhone</a>",This little pupper can't wait for Christmas. He's pretending to be a present. S'cute. 11/10 twenty more days 🎁🎄🐶 https://t.co/m8r9rbcgX4,11,10,pupper,929.0,266.0
673342308415348736,2015-12-06 03:24:51,"<a href=""http://twitter.com/download/iphone"" rel=""nofollow"">Twitter for iPhone</a>",This is Django. He's a skilled assassin pupper. 10/10 https://t.co/w0YTuiRd1a,10,10,pupper,1127.0,492.0
673295268553605120,2015-12-06 00:17:55,"<a href=""http://twitter.com/download/iphone"" rel=""nofollow"">Twitter for iPhone</a>",Meet Eve. She's a raging alcoholic 8/10 (would b 11/10 but pupper alcoholism is a tragic issue that I can't condone) https://t.co/U36HYQIijg,8,10,pupper,6701.0,2737.0
673148804208660480,2015-12-05 14:35:56,"<a href=""http://twitter.com/download/iphone"" rel=""nofollow"">Twitter for iPhone</a>",This is Fletcher. He's had a ruff night. No more Fireball for Fletcher. 8/10 it'll be over soon pupper https://t.co/tA4WpkI2cw,8,10,pupper,1485.0,547.0
672988786805112832,2015-12-05 04:00:04,"<a href=""http://twitter.com/download/iphone"" rel=""nofollow"">Twitter for iPhone</a>",This is Schnozz. He's had a blurred tail since birth. Hasn't let that stop him. 10/10 inspirational pupper https://t.co/a3zYMcvbXG,10,10,pupper,874.0,253.0
672975131468300288,2015-12-05 03:05:49,"<a href=""http://twitter.com/download/iphone"" rel=""nofollow"">Twitter for iPhone</a>",This is Chuckles. He is one skeptical pupper. 10/10 stay woke Chuckles https://t.co/ZlcF0TIRW1,10,10,pupper,1494.0,775.0
672970152493887488,2015-12-05 02:46:02,"<a href=""http://twitter.com/download/iphone"" rel=""nofollow"">Twitter for iPhone</a>",This is Chet. He's having a hard time. Really struggling. 7/10 hang in there pupper https://t.co/eb4ta0xtnd,7,10,pupper,835.0,302.0
672898206762672129,2015-12-04 22:00:08,"<a href=""http://twitter.com/download/iphone"" rel=""nofollow"">Twitter for iPhone</a>",This is Cheryl AKA Queen Pupper of the Skies. Experienced fighter pilot. Much skill. True hero. 11/10 https://t.co/i4XJEWwdsp,11,10,pupper,792.0,363.0
672622327801233409,2015-12-04 03:43:54,"<a href=""http://twitter.com/download/iphone"" rel=""nofollow"">Twitter for iPhone</a>",This lil pupper is sad because we haven't found Kony yet. RT to spread awareness. 12/10 would pet firmly https://t.co/Cv7dRdcMvQ,12,10,pupper,1147.0,418.0
672614745925664768,2015-12-04 03:13:46,"<a href=""http://twitter.com/download/iphone"" rel=""nofollow"">Twitter for iPhone</a>",This is Norman. Doesn't bark much. Very docile pup. Up to date on current events. Overall nifty pupper. 6/10 https://t.co/ntxsR98f3U,6,10,pupper,1083.0,510.0
672594978741354496,2015-12-04 01:55:13,"<a href=""http://twitter.com/download/iphone"" rel=""nofollow"">Twitter for iPhone</a>",Meet Scott. Just trying to catch his train to work. Doesn't need everybody staring. 9/10 ignore the haters pupper https://t.co/jyXbZ35MYz,9,10,pupper,1175.0,528.0
672481316919734272,2015-12-03 18:23:34,"<a href=""http://twitter.com/download/iphone"" rel=""nofollow"">Twitter for iPhone</a>",Say hello to Jazz. She should be on the cover of Vogue. 12/10 gorgeous pupper https://t.co/mVCMemhXAP,12,10,pupper,637.0,110.0
672254177670729728,2015-12-03 03:21:00,"<a href=""http://twitter.com/download/iphone"" rel=""nofollow"">Twitter for iPhone</a>",This is Rolf. He's having the time of his life. 11/10 good pupper https://t.co/OO6MqEbqG3,11,10,pupper,1271.0,646.0
672205392827572224,2015-12-03 00:07:09,"<a href=""http://twitter.com/download/iphone"" rel=""nofollow"">Twitter for iPhone</a>",This is Opal. He's a Royal John Coctostan. Ready for transport. Basically indestructible. 9/10 good pupper https://t.co/yRBQF9OS7D,9,10,pupper,1978.0,1002.0
672160042234327040,2015-12-02 21:06:56,"<a href=""http://twitter.com/download/iphone"" rel=""nofollow"">Twitter for iPhone</a>",This is Bubba. He's a Titted Peebles Aorta. Evolutionary masterpiece. Comfortable with his body. 8/10 great pupper https://t.co/aNkkl5nH3W,8,10,pupper,765.0,303.0
